model,temperature,source_en,reference_fr,hypothesis,BLEU,ROUGE-1,ROUGE-L
HF opus-mt,n/a,Depressive disorder (also known as depression) is a common mental disorder.,Le trouble dépressif (également connu sous le nom de dépression) est un problème de santé mentale courant.,Le trouble dépressif (également connu sous le nom de dépression) est un trouble mental courant.,71.27994860722308,86.48648648648648,86.48648648648648
Ollama llama3.2,0.0,Depressive disorder (also known as depression) is a common mental disorder.,Le trouble dépressif (également connu sous le nom de dépression) est un problème de santé mentale courant.,Trouble dépressif (également connu sous le nom de dépression) est une maladie mentale courante.,53.33124347036652,77.77777777777777,77.77777777777777
Ollama llama3.2,0.2,Depressive disorder (also known as depression) is a common mental disorder.,Le trouble dépressif (également connu sous le nom de dépression) est un problème de santé mentale courant.,Trouble dépressif (également connu sous le nom de dépression) est une maladie mentale courante.,53.33124347036652,77.77777777777777,77.77777777777777
Ollama llama3.2,0.5,Depressive disorder (also known as depression) is a common mental disorder.,Le trouble dépressif (également connu sous le nom de dépression) est un problème de santé mentale courant.,Le trouble de l'humeur dépressive (ou dépression) est un troubles mentaux courants.,15.514304943828108,51.42857142857144,45.714285714285715
Ollama llama3.2,0.8,Depressive disorder (also known as depression) is a common mental disorder.,Le trouble dépressif (également connu sous le nom de dépression) est un problème de santé mentale courant.,Trouble dépressif (ou dépression) est un trouble de santé mentale fréquent.,19.628122566385418,58.823529411764696,58.823529411764696
Ollama llama3.2,1.0,Depressive disorder (also known as depression) is a common mental disorder.,Le trouble dépressif (également connu sous le nom de dépression) est un problème de santé mentale courant.,Le trouble dépressif (également connu sous le nom de dépression) est une maladie mentale fréquente.,64.4804690631214,73.68421052631578,73.68421052631578
HF opus-mt,n/a,It involves a depressed mood or loss of pleasure or interest in activities for long periods of time.,Il se caractérise par la présence d’une humeur dépressive ou d’une perte durable de la capacité à éprouver du plaisir ou de l’intérêt.,Il s'agit d'une humeur dépressive ou d'une perte de plaisir ou d'un intérêt pour les activités pendant de longues périodes.,8.763183317285744,57.6271186440678,54.23728813559322
Ollama llama3.2,0.0,It involves a depressed mood or loss of pleasure or interest in activities for long periods of time.,Il se caractérise par la présence d’une humeur dépressive ou d’une perte durable de la capacité à éprouver du plaisir ou de l’intérêt.,Il implique un état de tristesse ou une perte de plaisir ou d'intérêt pour les activités pendant des périodes prolongées.,4.452860421595077,42.857142857142854,35.71428571428571
Ollama llama3.2,0.2,It involves a depressed mood or loss of pleasure or interest in activities for long periods of time.,Il se caractérise par la présence d’une humeur dépressive ou d’une perte durable de la capacité à éprouver du plaisir ou de l’intérêt.,Il implique un état de tristesse ou une perte de plaisir ou d'intérêt pour les activités pendant des périodes prolongées.,4.452860421595077,42.857142857142854,35.71428571428571
Ollama llama3.2,0.5,It involves a depressed mood or loss of pleasure or interest in activities for long periods of time.,Il se caractérise par la présence d’une humeur dépressive ou d’une perte durable de la capacité à éprouver du plaisir ou de l’intérêt.,Cela implique un état de dépression ou une perte de plaisir ou d'intérêt pour les activités pendant de longues périodes.,4.306665043929905,42.857142857142854,35.71428571428571
Ollama llama3.2,0.8,It involves a depressed mood or loss of pleasure or interest in activities for long periods of time.,Il se caractérise par la présence d’une humeur dépressive ou d’une perte durable de la capacité à éprouver du plaisir ou de l’intérêt.,Il s'agit d'une état de tristesse ou de perte de plaisir ou d'intérêt pour les activités pendant des périodes prolongées.,5.295373295474883,44.827586206896555,37.93103448275862
Ollama llama3.2,1.0,It involves a depressed mood or loss of pleasure or interest in activities for long periods of time.,Il se caractérise par la présence d’une humeur dépressive ou d’une perte durable de la capacité à éprouver du plaisir ou de l’intérêt.,Cela implique un état de tristesse ou une perte d'intérêt pour les activités pendant des périodes prolongées.,2.176316275810588,30.188679245283023,22.641509433962266
HF opus-mt,n/a,Depression is different from regular mood changes and feelings about everyday life.,Il faut distinguer la dépression des changements d’humeur ordinaires et des sentiments que peut inspirer la vie quotidienne.,La dépression est différente des changements d'humeur et des sentiments réguliers au sujet de la vie quotidienne.,21.047837785657148,63.41463414634146,63.41463414634146
Ollama llama3.2,0.0,Depression is different from regular mood changes and feelings about everyday life.,Il faut distinguer la dépression des changements d’humeur ordinaires et des sentiments que peut inspirer la vie quotidienne.,La dépression est différente des changements de humeur réguliers et des sentiments liés à la vie quotidienne.,21.047837785657148,60.0,60.0
Ollama llama3.2,0.2,Depression is different from regular mood changes and feelings about everyday life.,Il faut distinguer la dépression des changements d’humeur ordinaires et des sentiments que peut inspirer la vie quotidienne.,La dépression est différente des changements de humeur réguliers et des sentiments liés à la vie quotidienne.,21.047837785657148,60.0,60.0
Ollama llama3.2,0.5,Depression is different from regular mood changes and feelings about everyday life.,Il faut distinguer la dépression des changements d’humeur ordinaires et des sentiments que peut inspirer la vie quotidienne.,La dépression est différente des changements de humeur ordinaires et des sentiments liés à la vie quotidienne.,28.627573592435688,66.66666666666667,66.66666666666667
Ollama llama3.2,0.8,Depression is different from regular mood changes and feelings about everyday life.,Il faut distinguer la dépression des changements d’humeur ordinaires et des sentiments que peut inspirer la vie quotidienne.,La dépression diffère des changements de humeur ordinaires et des sentiments liés à la vie quotidienne.,28.648682864686602,68.42105263157895,68.42105263157895
Ollama llama3.2,1.0,Depression is different from regular mood changes and feelings about everyday life.,Il faut distinguer la dépression des changements d’humeur ordinaires et des sentiments que peut inspirer la vie quotidienne.,La dépression diffère des changements de humeur ordinaires et des sentiments liés à la vie quotidienne.,28.648682864686602,68.42105263157895,68.42105263157895
HF opus-mt,n/a,"It can affect all aspects of life, including relationships with family, friends and community.","La dépression peut avoir une incidence sur tous les aspects de la vie, y compris les relations avec la famille, les amis et, plus généralement, l’entourage.","Elle peut affecter tous les aspects de la vie, y compris les relations avec la famille, les amis et la communauté.",56.18340452933696,70.58823529411764,66.66666666666666
Ollama llama3.2,0.0,"It can affect all aspects of life, including relationships with family, friends and community.","La dépression peut avoir une incidence sur tous les aspects de la vie, y compris les relations avec la famille, les amis et, plus généralement, l’entourage.","Il peut affecter tous les aspects de la vie, y compris les relations avec la famille, les amis et la communauté.",56.18340452933696,70.58823529411764,66.66666666666666
Ollama llama3.2,0.2,"It can affect all aspects of life, including relationships with family, friends and community.","La dépression peut avoir une incidence sur tous les aspects de la vie, y compris les relations avec la famille, les amis et, plus généralement, l’entourage.","Il peut affecter tous les aspects de la vie, y compris les relations avec la famille, les amis et la communauté.",56.18340452933696,70.58823529411764,66.66666666666666
Ollama llama3.2,0.5,"It can affect all aspects of life, including relationships with family, friends and community.","La dépression peut avoir une incidence sur tous les aspects de la vie, y compris les relations avec la famille, les amis et, plus généralement, l’entourage.","Il peut affecter tous les aspects de la vie, y compris les relations familiales, les amitiés et la communauté.",34.95595795316581,56.00000000000001,51.99999999999999
Ollama llama3.2,0.8,"It can affect all aspects of life, including relationships with family, friends and community.","La dépression peut avoir une incidence sur tous les aspects de la vie, y compris les relations avec la famille, les amis et, plus généralement, l’entourage.","Il peut toucher tous les aspects de la vie, y compris les relations avec la famille, les amis et la communauté.",56.18340452933696,70.58823529411764,66.66666666666666
Ollama llama3.2,1.0,"It can affect all aspects of life, including relationships with family, friends and community.","La dépression peut avoir une incidence sur tous les aspects de la vie, y compris les relations avec la famille, les amis et, plus généralement, l’entourage.","Il peut toucher tous les aspects de la vie, notamment les relations avec la famille, les amis et la communauté.",43.37470605715258,64.0,60.0
HF opus-mt,n/a,It can result from or lead to problems at school and at work.,Elle peut être la conséquence ou l’origine de problèmes scolaires ou professionnels.,Il peut résulter ou conduire à des problèmes à l'école et au travail.,4.016138436407654,34.48275862068965,27.58620689655172
Ollama llama3.2,0.0,It can result from or lead to problems at school and at work.,Elle peut être la conséquence ou l’origine de problèmes scolaires ou professionnels.,Il peut résulter de ou conduire à des problèmes à l'école et au travail.,3.9297193407553013,40.00000000000001,26.666666666666668
Ollama llama3.2,0.2,It can result from or lead to problems at school and at work.,Elle peut être la conséquence ou l’origine de problèmes scolaires ou professionnels.,Il peut résulter de ou conduire à des problèmes à l'école et au travail.,3.9297193407553013,40.00000000000001,26.666666666666668
Ollama llama3.2,0.5,It can result from or lead to problems at school and at work.,Elle peut être la conséquence ou l’origine de problèmes scolaires ou professionnels.,Cela peut provenir de ou conduire à des problèmes à l'école et au travail.,3.9297193407553013,41.379310344827594,27.58620689655172
Ollama llama3.2,0.8,It can result from or lead to problems at school and at work.,Elle peut être la conséquence ou l’origine de problèmes scolaires ou professionnels.,Il peut résulter de ou conduire à des problèmes à l'école et au travail.,3.9297193407553013,40.00000000000001,26.666666666666668
Ollama llama3.2,1.0,It can result from or lead to problems at school and at work.,Elle peut être la conséquence ou l’origine de problèmes scolaires ou professionnels.,Cela peut en résulter ou en aboutir à des problèmes à l'école et au travail.,3.4585921141027365,32.25806451612903,25.80645161290323
HF opus-mt,n/a,Depression can happen to anyone.,N’importe qui peut souffrir de dépression.,La dépression peut arriver à n'importe qui.,7.809849842300641,75.0,37.5
Ollama llama3.2,0.0,Depression can happen to anyone.,N’importe qui peut souffrir de dépression.,La dépression peut toucher n'importe qui.,9.287528999566801,75.0,37.5
Ollama llama3.2,0.2,Depression can happen to anyone.,N’importe qui peut souffrir de dépression.,La dépression peut toucher n'importe qui.,9.287528999566801,75.0,37.5
Ollama llama3.2,0.5,Depression can happen to anyone.,N’importe qui peut souffrir de dépression.,La dépression peut toucher n'importe qui.,9.287528999566801,75.0,37.5
Ollama llama3.2,0.8,Depression can happen to anyone.,N’importe qui peut souffrir de dépression.,La dépression peut toucher n'importe qui.,9.287528999566801,75.0,37.5
Ollama llama3.2,1.0,Depression can happen to anyone.,N’importe qui peut souffrir de dépression.,La dépression peut toucher n'importe qui.,9.287528999566801,75.0,37.5
HF opus-mt,n/a,"People who have lived through abuse, severe losses or other stressful events are more likely to develop depression.",Les personnes victimes de maltraitance ou ayant vécu des pertes traumatisantes ou d’autres événements stressants sont plus susceptibles que les autres de souffrir de dépression.,"Les personnes qui ont vécu des mauvais traitements, des pertes graves ou d'autres événements stressants sont plus susceptibles de développer une dépression.",20.84518952595868,64.28571428571429,64.28571428571429
Ollama llama3.2,0.0,"People who have lived through abuse, severe losses or other stressful events are more likely to develop depression.",Les personnes victimes de maltraitance ou ayant vécu des pertes traumatisantes ou d’autres événements stressants sont plus susceptibles que les autres de souffrir de dépression.,"Les personnes qui ont vécu à travers des abus, des pertes sévères ou d'autres événements stressants sont plus susceptibles de développer une dépression.",20.155664022808967,62.06896551724138,62.06896551724138
Ollama llama3.2,0.2,"People who have lived through abuse, severe losses or other stressful events are more likely to develop depression.",Les personnes victimes de maltraitance ou ayant vécu des pertes traumatisantes ou d’autres événements stressants sont plus susceptibles que les autres de souffrir de dépression.,"Les personnes qui ont vécu des abus, des pertes sévères ou d'autres événements stressants sont plus susceptibles de développer une dépression.",20.813506842117125,63.15789473684211,63.15789473684211
Ollama llama3.2,0.5,"People who have lived through abuse, severe losses or other stressful events are more likely to develop depression.",Les personnes victimes de maltraitance ou ayant vécu des pertes traumatisantes ou d’autres événements stressants sont plus susceptibles que les autres de souffrir de dépression.,"Les personnes qui ont vécu à travers l'abus, des pertes graves ou d'autres événements stressants sont plus susceptibles de développer une dépression.",20.160804643722013,64.28571428571429,64.28571428571429
Ollama llama3.2,0.8,"People who have lived through abuse, severe losses or other stressful events are more likely to develop depression.",Les personnes victimes de maltraitance ou ayant vécu des pertes traumatisantes ou d’autres événements stressants sont plus susceptibles que les autres de souffrir de dépression.,"Les personnes qui ont vécu de la violence, des pertes graves ou d'autres événements stressants sont plus susceptibles de développer une dépression.",20.511558841328508,67.85714285714286,64.28571428571429
Ollama llama3.2,1.0,"People who have lived through abuse, severe losses or other stressful events are more likely to develop depression.",Les personnes victimes de maltraitance ou ayant vécu des pertes traumatisantes ou d’autres événements stressants sont plus susceptibles que les autres de souffrir de dépression.,"Les personnes qui ont vécu à travers une abus, des pertes graves ou d'autres événements stressants sont plus susceptibles de développer une dépression.",20.155664022808967,64.28571428571429,64.28571428571429
HF opus-mt,n/a,Women are more likely to have depression than men.,La dépression touche davantage les femmes que les hommes.,Les femmes sont plus susceptibles d'avoir une dépression que les hommes.,23.462350320527996,60.8695652173913,43.47826086956522
Ollama llama3.2,0.0,Women are more likely to have depression than men.,La dépression touche davantage les femmes que les hommes.,Les femmes sont plus susceptibles de souffrir de dépression que les hommes.,21.401603033752977,60.8695652173913,43.47826086956522
Ollama llama3.2,0.2,Women are more likely to have depression than men.,La dépression touche davantage les femmes que les hommes.,Les femmes sont plus susceptibles de souffrir de dépression que les hommes.,21.401603033752977,60.8695652173913,43.47826086956522
Ollama llama3.2,0.5,Women are more likely to have depression than men.,La dépression touche davantage les femmes que les hommes.,Les femmes sont plus susceptibles de souffrir de dépression que les hommes.,21.401603033752977,60.8695652173913,43.47826086956522
Ollama llama3.2,0.8,Women are more likely to have depression than men.,La dépression touche davantage les femmes que les hommes.,Les femmes sont plus susceptibles de souffrir de dépression que les hommes.,21.401603033752977,60.8695652173913,43.47826086956522
Ollama llama3.2,1.0,Women are more likely to have depression than men.,La dépression touche davantage les femmes que les hommes.,Les femmes sont plus susceptibles de souffrir de dépression que les hommes.,21.401603033752977,60.8695652173913,43.47826086956522
HF opus-mt,n/a,"An estimated 4% of the population experience depression, including 5.7% of adults (4.6% among men and 6.9% among women), and 5.9% of adults aged 70 years and older.","On estime que 4,0 % de la population souffre de dépression, dont 5,7 % des adultes (4,6 % des hommes et 6,9 % des femmes) et 5,9 % des personnes âgées de 70 ans ou plus.","On estime que 4 % de la population souffre de dépression, dont 5,7 % d'adultes (4,6 % chez les hommes et 6,9 % chez les femmes), et 5,9 % d'adultes âgés de 70 ans et plus.",44.610060441796726,77.92207792207793,77.92207792207793
Ollama llama3.2,0.0,"An estimated 4% of the population experience depression, including 5.7% of adults (4.6% among men and 6.9% among women), and 5.9% of adults aged 70 years and older.","On estime que 4,0 % de la population souffre de dépression, dont 5,7 % des adultes (4,6 % des hommes et 6,9 % des femmes) et 5,9 % des personnes âgées de 70 ans ou plus.","Une estimation indique que 4 % de la population souffrent de dépression, y compris 5,7 % d'adultes (4,6 % chez les hommes et 6,9 % chez les femmes), et 5,9 % d'adultes âgés de 70 ans et plus.",22.31478817102882,68.35443037974684,68.35443037974684
Ollama llama3.2,0.2,"An estimated 4% of the population experience depression, including 5.7% of adults (4.6% among men and 6.9% among women), and 5.9% of adults aged 70 years and older.","On estime que 4,0 % de la population souffre de dépression, dont 5,7 % des adultes (4,6 % des hommes et 6,9 % des femmes) et 5,9 % des personnes âgées de 70 ans ou plus.","Une estimation indique que 4 % de la population souffrent de dépression, y compris 5,7 % des adultes (4,6 % chez les hommes et 6,9 % chez les femmes), et 5,9 % des adultes âgés de 70 ans et plus.",35.58358916442461,73.41772151898734,73.41772151898734
Ollama llama3.2,0.5,"An estimated 4% of the population experience depression, including 5.7% of adults (4.6% among men and 6.9% among women), and 5.9% of adults aged 70 years and older.","On estime que 4,0 % de la population souffre de dépression, dont 5,7 % des adultes (4,6 % des hommes et 6,9 % des femmes) et 5,9 % des personnes âgées de 70 ans ou plus.","Une estimation indique que 4 % de la population sont touchés par la dépression, y compris 5,7 % des adultes (4,6 % chez les hommes et 6,9 % chez les femmes), et 5,9 % des adultes de 70 ans et plus.",33.39673038800711,67.5,67.5
Ollama llama3.2,0.8,"An estimated 4% of the population experience depression, including 5.7% of adults (4.6% among men and 6.9% among women), and 5.9% of adults aged 70 years and older.","On estime que 4,0 % de la population souffre de dépression, dont 5,7 % des adultes (4,6 % des hommes et 6,9 % des femmes) et 5,9 % des personnes âgées de 70 ans ou plus.","Près de 4 % de la population éprouvent la dépression, y compris 5,7 % des adultes (4,6 % des hommes et 6,9 % des femmes) et 5,9 % des adultes âgés de 70 ans et plus.",58.87320447169225,76.31578947368422,73.68421052631578
Ollama llama3.2,1.0,"An estimated 4% of the population experience depression, including 5.7% of adults (4.6% among men and 6.9% among women), and 5.9% of adults aged 70 years and older.","On estime que 4,0 % de la population souffre de dépression, dont 5,7 % des adultes (4,6 % des hommes et 6,9 % des femmes) et 5,9 % des personnes âgées de 70 ans ou plus.","Une estimation de 4 % de la population vivent une dépression, y compris 5,7 % d'adultes (4,6 % parmi les hommes et 6,9 % parmi les femmes), et 5,9 % d'adultes âgés de 70 ans et plus.",21.57823433878961,66.66666666666667,64.1025641025641
HF opus-mt,n/a,Approximately 332 million people in the world have depression (1) .,"À l’échelle mondiale, environ 332 millions de personnes souffrent de dépression (1) .",Environ 332 millions de personnes dans le monde ont une dépression (1) .,38.55396185961497,61.53846153846154,61.53846153846154
Ollama llama3.2,0.0,Approximately 332 million people in the world have depression (1) .,"À l’échelle mondiale, environ 332 millions de personnes souffrent de dépression (1) .",Environ 332 millions de personnes dans le monde souffrent de dépression.,22.715713055706516,71.99999999999999,71.99999999999999
Ollama llama3.2,0.2,Approximately 332 million people in the world have depression (1) .,"À l’échelle mondiale, environ 332 millions de personnes souffrent de dépression (1) .",Environ 332 millions de personnes dans le monde souffrent de dépression.,22.715713055706516,71.99999999999999,71.99999999999999
Ollama llama3.2,0.5,Approximately 332 million people in the world have depression (1) .,"À l’échelle mondiale, environ 332 millions de personnes souffrent de dépression (1) .",Approximativement 332 millions de personnes dans le monde souffrent de dépression.,22.715713055706516,64.0,64.0
Ollama llama3.2,0.8,Approximately 332 million people in the world have depression (1) .,"À l’échelle mondiale, environ 332 millions de personnes souffrent de dépression (1) .",Approximativement 332 millions de personnes dans le monde sont atteintes de dépression (1).,45.788313721339826,59.25925925925927,59.25925925925927
Ollama llama3.2,1.0,Approximately 332 million people in the world have depression (1) .,"À l’échelle mondiale, environ 332 millions de personnes souffrent de dépression (1) .",Environ 332 millions de personnes dans le monde souffrent de dépression.,22.715713055706516,71.99999999999999,71.99999999999999
HF opus-mt,n/a,Depression is about 1.5 times more common among women than among men.,"La dépression est environ 1,5 fois plus fréquente chez la femme que chez l’homme.","La dépression est environ 1,5 fois plus fréquente chez les femmes que chez les hommes.",56.76721706387804,88.88888888888889,88.88888888888889
Ollama llama3.2,0.0,Depression is about 1.5 times more common among women than among men.,"La dépression est environ 1,5 fois plus fréquente chez la femme que chez l’homme.","La dépression est environ 1,5 fois plus fréquente chez les femmes que chez les hommes.",56.76721706387804,88.88888888888889,88.88888888888889
Ollama llama3.2,0.2,Depression is about 1.5 times more common among women than among men.,"La dépression est environ 1,5 fois plus fréquente chez la femme que chez l’homme.","La dépression est environ 1,5 fois plus fréquente chez les femmes que chez les hommes.",56.76721706387804,88.88888888888889,88.88888888888889
Ollama llama3.2,0.5,Depression is about 1.5 times more common among women than among men.,"La dépression est environ 1,5 fois plus fréquente chez la femme que chez l’homme.","La dépression est environ 1,5 fois plus fréquente chez les femmes que chez les hommes.",56.76721706387804,88.88888888888889,88.88888888888889
Ollama llama3.2,0.8,Depression is about 1.5 times more common among women than among men.,"La dépression est environ 1,5 fois plus fréquente chez la femme que chez l’homme.","La dépression est environ 1,5 fois plus fréquente chez les femmes que chez les hommes.",56.76721706387804,88.88888888888889,88.88888888888889
Ollama llama3.2,1.0,Depression is about 1.5 times more common among women than among men.,"La dépression est environ 1,5 fois plus fréquente chez la femme que chez l’homme.","La dépression est environ 1,5 fois plus fréquente chez les femmes qu'entre les hommes.",56.591192566527035,77.77777777777779,77.77777777777779
HF opus-mt,n/a,"Worldwide, more than 10% of pregnant women and women who have just given birth experience depression (2) .","Dans le monde, plus de 10 % des femmes enceintes et des femmes qui viennent d’accoucher souffrent de dépression (2) .","Dans le monde entier, plus de 10 % des femmes enceintes et celles qui viennent d'accoucher souffrent de dépression (2) .",65.31420255892324,90.47619047619048,90.47619047619048
Ollama llama3.2,0.0,"Worldwide, more than 10% of pregnant women and women who have just given birth experience depression (2) .","Dans le monde, plus de 10 % des femmes enceintes et des femmes qui viennent d’accoucher souffrent de dépression (2) .",Plus de 10 % des femmes enceintes et des femmes qui ont récemment donné naissance éprouvent la dépression.,38.812013301394295,60.0,60.0
Ollama llama3.2,0.2,"Worldwide, more than 10% of pregnant women and women who have just given birth experience depression (2) .","Dans le monde, plus de 10 % des femmes enceintes et des femmes qui viennent d’accoucher souffrent de dépression (2) .",Plus de 10 % des femmes enceintes et des femmes qui ont récemment donné naissance éprouvent la dépression.,38.812013301394295,60.0,60.0
Ollama llama3.2,0.5,"Worldwide, more than 10% of pregnant women and women who have just given birth experience depression (2) .","Dans le monde, plus de 10 % des femmes enceintes et des femmes qui viennent d’accoucher souffrent de dépression (2) .","Au monde entier, plus de 10 % des femmes enceintes et celles qui viennent de donner naissance éprouvent la dépression.",38.708652672323936,63.41463414634146,63.41463414634146
Ollama llama3.2,0.8,"Worldwide, more than 10% of pregnant women and women who have just given birth experience depression (2) .","Dans le monde, plus de 10 % des femmes enceintes et des femmes qui viennent d’accoucher souffrent de dépression (2) .","D'une manière mondiale, plus de 10 % des femmes enceintes et celles qui ont récemment donné naissance à une enfant souffrent de la dépression.",34.84912275982143,55.319148936170215,51.06382978723405
Ollama llama3.2,1.0,"Worldwide, more than 10% of pregnant women and women who have just given birth experience depression (2) .","Dans le monde, plus de 10 % des femmes enceintes et des femmes qui viennent d’accoucher souffrent de dépression (2) .","Désespérément, plus de 10 % des femmes enceintes et des femmes qui venant de donner naissance connaissent la dépression.",49.15533898804662,65.11627906976743,60.465116279069775
HF opus-mt,n/a,"In 2021, an estimated 727 000 people lost their lives to suicide.",On estime que quelque 727 000 personnes se sont suicidées en 2021.,"En 2021, on estime que 727 000 personnes ont perdu la vie à cause du suicide.",10.934883431625593,64.28571428571429,50.0
Ollama llama3.2,0.0,"In 2021, an estimated 727 000 people lost their lives to suicide.",On estime que quelque 727 000 personnes se sont suicidées en 2021.,"En 2021, on estime que 727 000 personnes sont décédées par suicide.",14.949751774990684,78.57142857142856,57.14285714285715
Ollama llama3.2,0.2,"In 2021, an estimated 727 000 people lost their lives to suicide.",On estime que quelque 727 000 personnes se sont suicidées en 2021.,"En 2021, on estime que 727 000 personnes sont décédées par suicide.",14.949751774990684,78.57142857142856,57.14285714285715
Ollama llama3.2,0.5,"In 2021, an estimated 727 000 people lost their lives to suicide.",On estime que quelque 727 000 personnes se sont suicidées en 2021.,"En 2021, on estime que 727 000 personnes sont décédées par suicides.",14.949751774990684,78.57142857142856,57.14285714285715
Ollama llama3.2,0.8,"In 2021, an estimated 727 000 people lost their lives to suicide.",On estime que quelque 727 000 personnes se sont suicidées en 2021.,"En 2021, on estime que 727 000 personnes ont perdu la vie à cause de la suicide.",10.307386760781874,62.06896551724138,48.275862068965516
Ollama llama3.2,1.0,"In 2021, an estimated 727 000 people lost their lives to suicide.",On estime que quelque 727 000 personnes se sont suicidées en 2021.,"En 2021, il est estimé qu'about 727 000 personnes sont décédées par suicide.",11.633270842295028,59.999999999999986,40.00000000000001
HF opus-mt,n/a,Suicide is the third leading cause of death in 15–29-year-olds.,Le suicide est la troisième cause de décès chez les 15-29 ans (1).,Le suicide est la troisième cause de décès chez les jeunes de 15 à 29 ans.,57.389868780141875,91.42857142857143,91.42857142857143
Ollama llama3.2,0.0,Suicide is the third leading cause of death in 15–29-year-olds.,Le suicide est la troisième cause de décès chez les 15-29 ans (1).,Le suicide est la troisième cause de décès la plus fréquente chez les personnes âgées de 15 à 29 ans.,40.27672046365773,78.04878048780488,78.04878048780488
Ollama llama3.2,0.2,Suicide is the third leading cause of death in 15–29-year-olds.,Le suicide est la troisième cause de décès chez les 15-29 ans (1).,Le suicide est la troisième cause de décès la plus fréquente chez les personnes âgées de 15 à 29 ans.,40.27672046365773,78.04878048780488,78.04878048780488
Ollama llama3.2,0.5,Suicide is the third leading cause of death in 15–29-year-olds.,Le suicide est la troisième cause de décès chez les 15-29 ans (1).,Le suicide est la troisième principale cause de décès chez les personnes âgées de 15 à 29 ans.,42.46163317880343,84.21052631578947,84.21052631578947
Ollama llama3.2,0.8,Suicide is the third leading cause of death in 15–29-year-olds.,Le suicide est la troisième cause de décès chez les 15-29 ans (1).,Le suicide est la troisième principale cause de mort chez les personnes âgées de 15 à 29 ans.,27.678937062327712,72.22222222222221,72.22222222222221
Ollama llama3.2,1.0,Suicide is the third leading cause of death in 15–29-year-olds.,Le suicide est la troisième cause de décès chez les 15-29 ans (1).,Le suicide est la troisième cause de mort principale chez les 15-29 ans.,60.58398690011477,81.25,81.25
HF opus-mt,n/a,"In high-income countries, only about one third of people with depression receive mental health treatment (3) .","Dans les pays à revenu élevé, seul un tiers environ des personnes souffrant de dépression bénéficient de soins de santé mentale (3) .","Dans les pays à revenu élevé, seulement environ un tiers des personnes souffrant de dépression reçoivent un traitement de santé mentale (3) .",60.67232393057598,76.59574468085107,72.3404255319149
Ollama llama3.2,0.0,"In high-income countries, only about one third of people with depression receive mental health treatment (3) .","Dans les pays à revenu élevé, seul un tiers environ des personnes souffrant de dépression bénéficient de soins de santé mentale (3) .","Dans les pays à revenu élevé, seulement environ un tiers des personnes souffrant de dépression reçoivent une traitement de santé mentale.",43.93145832661804,73.91304347826087,69.56521739130434
Ollama llama3.2,0.2,"In high-income countries, only about one third of people with depression receive mental health treatment (3) .","Dans les pays à revenu élevé, seul un tiers environ des personnes souffrant de dépression bénéficient de soins de santé mentale (3) .","Dans les pays à revenu élevé, seulement environ un tiers des personnes souffrant de dépression reçoivent un traitement de santé mentale.",43.93145832661804,73.91304347826087,69.56521739130434
Ollama llama3.2,0.5,"In high-income countries, only about one third of people with depression receive mental health treatment (3) .","Dans les pays à revenu élevé, seul un tiers environ des personnes souffrant de dépression bénéficient de soins de santé mentale (3) .","Dans les pays à revenu élevé, seulement environ un tiers des personnes souffrant de dépression reçoivent un traitement de santé mentale.",43.93145832661804,73.91304347826087,69.56521739130434
Ollama llama3.2,0.8,"In high-income countries, only about one third of people with depression receive mental health treatment (3) .","Dans les pays à revenu élevé, seul un tiers environ des personnes souffrant de dépression bénéficient de soins de santé mentale (3) .",Seuls environ un tiers des personnes souffrant de dépression reçoivent un traitement de santé mentale dans les pays à revenus élevés.,24.68962058478191,76.59574468085107,51.06382978723404
Ollama llama3.2,1.0,"In high-income countries, only about one third of people with depression receive mental health treatment (3) .","Dans les pays à revenu élevé, seul un tiers environ des personnes souffrant de dépression bénéficient de soins de santé mentale (3) .","Dans les pays à revenu élevé, seulement environ un tiers des personnes souffrant de dépression reçoivent un traitement du système de santé mentale.",43.9871128242809,69.38775510204083,65.3061224489796
HF opus-mt,n/a,"Barriers to effective care include a lack of investment in mental health care, lack of trained health-care providers and social stigma associated with mental disorders.","Le manque de ressources, le manque d’investissements en faveur des soins de santé mentale, le manque de soignants formés et la stigmatisation sociale associée aux troubles mentaux sont autant d’obstacles à une prise en charge efficace.","Les obstacles à l'efficacité des soins comprennent le manque d'investissement dans les soins de santé mentale, le manque de dispensateurs de soins de santé qualifiés et la stigmatisation sociale associée aux troubles mentaux.",38.193952390874294,64.0,55.99999999999999
Ollama llama3.2,0.0,"Barriers to effective care include a lack of investment in mental health care, lack of trained health-care providers and social stigma associated with mental disorders.","Le manque de ressources, le manque d’investissements en faveur des soins de santé mentale, le manque de soignants formés et la stigmatisation sociale associée aux troubles mentaux sont autant d’obstacles à une prise en charge efficace.","Les barrières à un soin efficace incluent un manque d'investissement dans le soin de la santé mentale, un manque de professionnels de santé formés et une stigmatisation sociale associée aux troubles mentaux.",20.143527098529763,64.86486486486486,51.35135135135135
Ollama llama3.2,0.2,"Barriers to effective care include a lack of investment in mental health care, lack of trained health-care providers and social stigma associated with mental disorders.","Le manque de ressources, le manque d’investissements en faveur des soins de santé mentale, le manque de soignants formés et la stigmatisation sociale associée aux troubles mentaux sont autant d’obstacles à une prise en charge efficace.","Les barrières à un soin efficace incluent un manque d'investissement dans le soin de la santé mentale, un manque de professionnels de santé formés et une stigmatisation sociale associée aux troubles mentaux.",20.143527098529763,64.86486486486486,51.35135135135135
Ollama llama3.2,0.5,"Barriers to effective care include a lack of investment in mental health care, lack of trained health-care providers and social stigma associated with mental disorders.","Le manque de ressources, le manque d’investissements en faveur des soins de santé mentale, le manque de soignants formés et la stigmatisation sociale associée aux troubles mentaux sont autant d’obstacles à une prise en charge efficace.","Les barrières à un soin efficace comprennent un manque d'investissement dans le soins de santé mentale, un manque de professionnels de santé formés et une stigmatisation sociale associée aux troubles mentaux.",25.40805979559631,63.01369863013699,52.054794520547944
Ollama llama3.2,0.8,"Barriers to effective care include a lack of investment in mental health care, lack of trained health-care providers and social stigma associated with mental disorders.","Le manque de ressources, le manque d’investissements en faveur des soins de santé mentale, le manque de soignants formés et la stigmatisation sociale associée aux troubles mentaux sont autant d’obstacles à une prise en charge efficace.","Les barrières à un soin efficace incluent un manque d'investissement dans le soins de santé mentale, un manque de professionnels de la santé formés et une stigmatisation sociale associée aux troubles mentaux.",25.781262069136147,64.86486486486486,51.35135135135135
Ollama llama3.2,1.0,"Barriers to effective care include a lack of investment in mental health care, lack of trained health-care providers and social stigma associated with mental disorders.","Le manque de ressources, le manque d’investissements en faveur des soins de santé mentale, le manque de soignants formés et la stigmatisation sociale associée aux troubles mentaux sont autant d’obstacles à une prise en charge efficace.","Les barrières à un soins efficaces incluent un manque d'investissement dans la santé mentale, un manque de fournisseurs de soins de santé formés et une stigmatisation sociale associée aux troubles mentaux.",21.26776101344203,63.01369863013699,46.57534246575343
HF opus-mt,n/a,"During a depressive episode, a person experiences a depressed mood (feeling sad, irritable, empty).","L’épisode dépressif se caractérise par la présence d’une humeur dépressive (sentiment de tristesse et de vide, irritabilité), qui s’accompagne parfois d’une perte de la capacité à éprouver du plaisir ou de l’intérêt.","Lors d'un épisode dépressif, une personne éprouve une humeur dépressive (sentiment triste, irritable, vide).",6.441859481970157,37.28813559322033,30.508474576271183
Ollama llama3.2,0.0,"During a depressive episode, a person experiences a depressed mood (feeling sad, irritable, empty).","L’épisode dépressif se caractérise par la présence d’une humeur dépressive (sentiment de tristesse et de vide, irritabilité), qui s’accompagne parfois d’une perte de la capacité à éprouver du plaisir ou de l’intérêt.","Pendant une épisode dépressif, une personne ressent un état de tristesse (sourire triste, irritabilité, vide).",3.014915324274034,31.034482758620683,24.137931034482758
Ollama llama3.2,0.2,"During a depressive episode, a person experiences a depressed mood (feeling sad, irritable, empty).","L’épisode dépressif se caractérise par la présence d’une humeur dépressive (sentiment de tristesse et de vide, irritabilité), qui s’accompagne parfois d’une perte de la capacité à éprouver du plaisir ou de l’intérêt.","Pendant une épisode de dépression, une personne ressent un état de tristesse (sourire triste, irritabilité, vide).",3.106481238866495,30.508474576271183,20.338983050847457
Ollama llama3.2,0.5,"During a depressive episode, a person experiences a depressed mood (feeling sad, irritable, empty).","L’épisode dépressif se caractérise par la présence d’une humeur dépressive (sentiment de tristesse et de vide, irritabilité), qui s’accompagne parfois d’une perte de la capacité à éprouver du plaisir ou de l’intérêt.","Pendant une épisode dépressif, une personne vit un état de tristesse (sentir du mal-être, de l'irritabilité, vide).",2.743927042370006,38.70967741935483,29.032258064516125
Ollama llama3.2,0.8,"During a depressive episode, a person experiences a depressed mood (feeling sad, irritable, empty).","L’épisode dépressif se caractérise par la présence d’une humeur dépressive (sentiment de tristesse et de vide, irritabilité), qui s’accompagne parfois d’une perte de la capacité à éprouver du plaisir ou de l’intérêt.","Pendant une épisode dépressif, une personne ressent un état de mélancolie (sentir tristesse, irritation, vide).",1.4682694104989733,27.118644067796605,23.728813559322035
Ollama llama3.2,1.0,"During a depressive episode, a person experiences a depressed mood (feeling sad, irritable, empty).","L’épisode dépressif se caractérise par la présence d’une humeur dépressive (sentiment de tristesse et de vide, irritabilité), qui s’accompagne parfois d’une perte de la capacité à éprouver du plaisir ou de l’intérêt.","Durant une période de dépression, une personne ressent un état de dépression (une tristesse, une irritation, vide).",1.551717003714546,25.806451612903224,16.129032258064516
HF opus-mt,n/a,A depressive episode is different from regular mood fluctuations.,Il faut distinguer l’épisode dépressif des fluctuations ordinaires de l’humeur.,Un épisode dépressif est différent des fluctuations régulières de l'humeur.,9.425159511373677,57.14285714285715,57.14285714285715
Ollama llama3.2,0.0,A depressive episode is different from regular mood fluctuations.,Il faut distinguer l’épisode dépressif des fluctuations ordinaires de l’humeur.,Un épisode dépressif est différent des fluctuations de humeur régulières.,9.425159511373677,51.85185185185186,51.85185185185186
Ollama llama3.2,0.2,A depressive episode is different from regular mood fluctuations.,Il faut distinguer l’épisode dépressif des fluctuations ordinaires de l’humeur.,Un épisode dépressif est différent des fluctuations de humeur régulières.,9.425159511373677,51.85185185185186,51.85185185185186
Ollama llama3.2,0.5,A depressive episode is different from regular mood fluctuations.,Il faut distinguer l’épisode dépressif des fluctuations ordinaires de l’humeur.,Un épisode de dépression est différent des fluttuations normales du humeur.,4.456882760699064,38.46153846153847,30.76923076923077
Ollama llama3.2,0.8,A depressive episode is different from regular mood fluctuations.,Il faut distinguer l’épisode dépressif des fluctuations ordinaires de l’humeur.,Un épisode dépressif est différent des fluctuations de la humeur normales.,8.51659301881964,53.84615384615385,53.84615384615385
Ollama llama3.2,1.0,A depressive episode is different from regular mood fluctuations.,Il faut distinguer l’épisode dépressif des fluctuations ordinaires de l’humeur.,Un épisode de dépression est différent des fluctuations de l'humeur régulières.,8.054496384843702,48.275862068965516,48.275862068965516
HF opus-mt,n/a,"Other symptoms are also present, which may include: Depression can cause difficulties in all aspects of life, including in the community and at home, work and school.","D’autres symptômes sont également présents, notamment : La dépression peut entraîner des difficultés dans tous les domaines de la vie, auprès de l’entourage, au sein de la famille et dans le cadre professionnel ou scolaire.","D'autres symptômes sont également présents, notamment : La dépression peut causer des difficultés dans tous les aspects de la vie, y compris dans la collectivité et à la maison, au travail et à l'école.",40.93222021703904,68.35443037974683,60.75949367088608
Ollama llama3.2,0.0,"Other symptoms are also present, which may include: Depression can cause difficulties in all aspects of life, including in the community and at home, work and school.","D’autres symptômes sont également présents, notamment : La dépression peut entraîner des difficultés dans tous les domaines de la vie, auprès de l’entourage, au sein de la famille et dans le cadre professionnel ou scolaire.","D'autres symptômes sont également présents, qui peuvent inclure : La dépression peut causer des difficultés dans tous les aspects de la vie, y compris dans la communauté et à la maison, au travail et à l'école.",31.50184265965517,64.19753086419753,56.790123456790134
Ollama llama3.2,0.2,"Other symptoms are also present, which may include: Depression can cause difficulties in all aspects of life, including in the community and at home, work and school.","D’autres symptômes sont également présents, notamment : La dépression peut entraîner des difficultés dans tous les domaines de la vie, auprès de l’entourage, au sein de la famille et dans le cadre professionnel ou scolaire.","D'autres symptômes sont également présents, qui peuvent inclure : La dépression peut causer des difficultés dans tous les aspects de la vie, y compris dans la communauté et à la maison, au travail et à l'école.",31.50184265965517,64.19753086419753,56.790123456790134
Ollama llama3.2,0.5,"Other symptoms are also present, which may include: Depression can cause difficulties in all aspects of life, including in the community and at home, work and school.","D’autres symptômes sont également présents, notamment : La dépression peut entraîner des difficultés dans tous les domaines de la vie, auprès de l’entourage, au sein de la famille et dans le cadre professionnel ou scolaire.","D'autres symptômes sont également présents, tels que : La dépression peut causer des difficultés dans toutes les facettes de la vie, y compris dans la communauté et à la maison, au travail et à l'école.",26.38561277074521,62.5,55.000000000000014
Ollama llama3.2,0.8,"Other symptoms are also present, which may include: Depression can cause difficulties in all aspects of life, including in the community and at home, work and school.","D’autres symptômes sont également présents, notamment : La dépression peut entraîner des difficultés dans tous les domaines de la vie, auprès de l’entourage, au sein de la famille et dans le cadre professionnel ou scolaire.","D'autres symptômes sont aussi présents, qui peuvent inclure : La dépression peut causer des difficultés dans tous les aspects de la vie, y compris dans la communauté et à la maison, travail et école.",24.75555805707596,58.22784810126581,55.69620253164557
Ollama llama3.2,1.0,"Other symptoms are also present, which may include: Depression can cause difficulties in all aspects of life, including in the community and at home, work and school.","D’autres symptômes sont également présents, notamment : La dépression peut entraîner des difficultés dans tous les domaines de la vie, auprès de l’entourage, au sein de la famille et dans le cadre professionnel ou scolaire.","D'autres symptômes sont également présents, qui peuvent inclure : La dépression peut causer des difficultés dans tous les domaines de la vie, notamment dans le cadre communautaire et à domicile, travail et scolarité.",43.298771274863306,69.23076923076924,64.1025641025641
HF opus-mt,n/a,"A depressive episode can be categorized as mild, moderate, or severe depending on the number and severity of symptoms, as well as the impact on the individual’s functioning.","Un épisode dépressif peut être classé comme léger, modéré ou sévère en fonction du nombre et de la gravité des symptômes, ainsi que de leur impact sur le fonctionnement de la personne concernée.","Un épisode dépressif peut être classé comme léger, modéré ou sévère selon le nombre et la gravité des symptômes, ainsi que l'impact sur le fonctionnement de l'individu.",54.58499081077504,80.0,80.0
Ollama llama3.2,0.0,"A depressive episode can be categorized as mild, moderate, or severe depending on the number and severity of symptoms, as well as the impact on the individual’s functioning.","Un épisode dépressif peut être classé comme léger, modéré ou sévère en fonction du nombre et de la gravité des symptômes, ainsi que de leur impact sur le fonctionnement de la personne concernée.","Une épisode dépressif peut être catégorisé comme faible, modéré ou sévère en fonction du nombre et de la gravité des symptômes ainsi que de l'impact sur le fonctionnement individuel.",51.31790300416132,81.57894736842107,78.94736842105262
Ollama llama3.2,0.2,"A depressive episode can be categorized as mild, moderate, or severe depending on the number and severity of symptoms, as well as the impact on the individual’s functioning.","Un épisode dépressif peut être classé comme léger, modéré ou sévère en fonction du nombre et de la gravité des symptômes, ainsi que de leur impact sur le fonctionnement de la personne concernée.","Une épisode dépressif peut être catégorisé comme faible, modéré ou sévère en fonction du nombre et de la gravité des symptômes ainsi que de l'impact sur le fonctionnement individuel.",51.31790300416132,81.57894736842107,78.94736842105262
Ollama llama3.2,0.5,"A depressive episode can be categorized as mild, moderate, or severe depending on the number and severity of symptoms, as well as the impact on the individual’s functioning.","Un épisode dépressif peut être classé comme léger, modéré ou sévère en fonction du nombre et de la gravité des symptômes, ainsi que de leur impact sur le fonctionnement de la personne concernée.","Un épisode dépressif peut être catégorisé comme faible, modéré ou sévère selon le nombre et la gravité des symptômes ainsi que l'impact sur les fonctions de l'individu.",26.508643322526837,74.66666666666666,66.66666666666666
Ollama llama3.2,0.8,"A depressive episode can be categorized as mild, moderate, or severe depending on the number and severity of symptoms, as well as the impact on the individual’s functioning.","Un épisode dépressif peut être classé comme léger, modéré ou sévère en fonction du nombre et de la gravité des symptômes, ainsi que de leur impact sur le fonctionnement de la personne concernée.","Un épisode dépressif peut être catégorisé comme faible, modéré ou grave en fonction du nombre et de la gravité des symptômes, ainsi que de l'impact sur le fonctionnement de l'individu.",57.57411620347949,78.94736842105262,76.31578947368422
Ollama llama3.2,1.0,"A depressive episode can be categorized as mild, moderate, or severe depending on the number and severity of symptoms, as well as the impact on the individual’s functioning.","Un épisode dépressif peut être classé comme léger, modéré ou sévère en fonction du nombre et de la gravité des symptômes, ainsi que de leur impact sur le fonctionnement de la personne concernée.","Un épisode dépressif peut être catégorisé comme faible, modéré ou sévère en fonction du nombre et de la gravité des symptômes ainsi que de son impact sur le fonctionnement de l'individu.",60.56540703165574,84.61538461538461,82.05128205128204
HF opus-mt,n/a,"There are different patterns of depressive episodes including: Depression results from a complex interaction of social, psychological, and biological factors.","Il existe différents types de trouble dépressif : La dépression résulte d’une interaction complexe de facteurs sociaux, psychologiques et biologiques.","Il existe différents types d'épisodes dépressifs, notamment : La dépression résulte d'une interaction complexe de facteurs sociaux, psychologiques et biologiques.",60.86209927462802,89.79591836734694,89.79591836734694
Ollama llama3.2,0.0,"There are different patterns of depressive episodes including: Depression results from a complex interaction of social, psychological, and biological factors.","Il existe différents types de trouble dépressif : La dépression résulte d’une interaction complexe de facteurs sociaux, psychologiques et biologiques.","Il existe différents modèles d'épisodes dépressifs, notamment : La dépression résulte d'une interaction complexe de facteurs sociaux, psychologiques et biologiques.",56.02926888650677,84.00000000000001,84.00000000000001
Ollama llama3.2,0.2,"There are different patterns of depressive episodes including: Depression results from a complex interaction of social, psychological, and biological factors.","Il existe différents types de trouble dépressif : La dépression résulte d’une interaction complexe de facteurs sociaux, psychologiques et biologiques.","Il existe différents modèles d'épisodes dépressifs, notamment : La dépression résulte d'une complexe interaction de facteurs sociaux, psychologiques et biologiques.",47.71512105691512,84.00000000000001,80.0
Ollama llama3.2,0.5,"There are different patterns of depressive episodes including: Depression results from a complex interaction of social, psychological, and biological factors.","Il existe différents types de trouble dépressif : La dépression résulte d’une interaction complexe de facteurs sociaux, psychologiques et biologiques.","Il existe différents modèles d'épisodes dépressifs, notamment : La dépression résulte d'une complexe interaction de facteurs sociaux, psychologiques et biologiques.",47.71512105691512,84.00000000000001,80.0
Ollama llama3.2,0.8,"There are different patterns of depressive episodes including: Depression results from a complex interaction of social, psychological, and biological factors.","Il existe différents types de trouble dépressif : La dépression résulte d’une interaction complexe de facteurs sociaux, psychologiques et biologiques.","Il existe différents modèles d'épisodes dépressifs, notamment : La dépression résulte d'une interaction complexe de facteurs sociaux, psychologiques et biologiques.",56.02926888650677,84.00000000000001,84.00000000000001
Ollama llama3.2,1.0,"There are different patterns of depressive episodes including: Depression results from a complex interaction of social, psychological, and biological factors.","Il existe différents types de trouble dépressif : La dépression résulte d’une interaction complexe de facteurs sociaux, psychologiques et biologiques.","Il existe diverses modélisations des épisodes de dépression, notamment : La dépression résulte d'une complexe interaction de facteurs sociaux, psychologiques et biologiques.",41.46629845117829,76.0,71.99999999999999
HF opus-mt,n/a,"People who have gone through adverse life events (unemployment, bereavement, traumatic events) are more likely to develop depression.","Les personnes qui ont vécu des épreuves (chômage, deuil, traumatismes) sont davantage susceptibles que les autres de souffrir de dépression.","Les personnes qui ont subi des événements indésirables (chômage, deuil, traumatisme) sont plus susceptibles de développer une dépression.",29.10708729782026,65.21739130434783,60.86956521739131
Ollama llama3.2,0.0,"People who have gone through adverse life events (unemployment, bereavement, traumatic events) are more likely to develop depression.","Les personnes qui ont vécu des épreuves (chômage, deuil, traumatismes) sont davantage susceptibles que les autres de souffrir de dépression.","Les personnes qui ont traversé des événements de vie difficiles (chômage, veuvage, événements traumatisants) sont plus susceptibles de développer une dépression.",17.4932986566737,57.14285714285715,48.97959183673469
Ollama llama3.2,0.2,"People who have gone through adverse life events (unemployment, bereavement, traumatic events) are more likely to develop depression.","Les personnes qui ont vécu des épreuves (chômage, deuil, traumatismes) sont davantage susceptibles que les autres de souffrir de dépression.","Les personnes qui ont traversé des événements de vie difficiles (chômage, veuvage, événements traumatisants) sont plus susceptibles de développer une dépression.",17.4932986566737,57.14285714285715,48.97959183673469
Ollama llama3.2,0.5,"People who have gone through adverse life events (unemployment, bereavement, traumatic events) are more likely to develop depression.","Les personnes qui ont vécu des épreuves (chômage, deuil, traumatismes) sont davantage susceptibles que les autres de souffrir de dépression.","Les personnes qui ont traversé des événements de vie difficiles (chômage, veuvage, événements traumatisants) sont plus susceptibles de développer une dépression.",17.4932986566737,57.14285714285715,48.97959183673469
Ollama llama3.2,0.8,"People who have gone through adverse life events (unemployment, bereavement, traumatic events) are more likely to develop depression.","Les personnes qui ont vécu des épreuves (chômage, deuil, traumatismes) sont davantage susceptibles que les autres de souffrir de dépression.","Les personnes ayant traversé des événements de vie négatifs (chômage, veuvage, événements traumatisants) sont plus susceptibles de développer une dépression.",10.361951835898177,48.97959183673469,40.816326530612244
Ollama llama3.2,1.0,"People who have gone through adverse life events (unemployment, bereavement, traumatic events) are more likely to develop depression.","Les personnes qui ont vécu des épreuves (chômage, deuil, traumatismes) sont davantage susceptibles que les autres de souffrir de dépression.","Les personnes qui ont vécu des événements difficiles de la vie (chômage, veuvage, traumatismes) sont plus susceptibles de développer une dépression.",35.25678415060714,65.3061224489796,61.224489795918366
HF opus-mt,n/a,"Depression can, in turn, lead to more stress and dysfunction and worsen the affected person’s life situation and the depression itself.","La dépression peut, à son tour, entraîner davantage de stress et de dysfonctionnements, ce qui aggrave la situation de la personne touchée et son état dépressif.","La dépression peut, à son tour, entraîner plus de stress et de dysfonctionnement et aggraver la situation de vie de la personne affectée et la dépression elle-même.",43.29051306333389,72.1311475409836,72.1311475409836
Ollama llama3.2,0.0,"Depression can, in turn, lead to more stress and dysfunction and worsen the affected person’s life situation and the depression itself.","La dépression peut, à son tour, entraîner davantage de stress et de dysfonctionnements, ce qui aggrave la situation de la personne touchée et son état dépressif.","La dépression peut, à son tour, entraîner davantage de stress et de dysfonctionnement et aggraver la situation de vie de la personne affectée ainsi que la dépression elle-même.",51.944251162987904,74.19354838709677,70.96774193548386
Ollama llama3.2,0.2,"Depression can, in turn, lead to more stress and dysfunction and worsen the affected person’s life situation and the depression itself.","La dépression peut, à son tour, entraîner davantage de stress et de dysfonctionnements, ce qui aggrave la situation de la personne touchée et son état dépressif.","La dépression peut, à son tour, entraîner davantage de stress et de dysfonctionnement et aggraver la situation de vie du personne affectée ainsi que la dépression elle-même.",51.15656623515532,75.40983606557377,68.85245901639345
Ollama llama3.2,0.5,"Depression can, in turn, lead to more stress and dysfunction and worsen the affected person’s life situation and the depression itself.","La dépression peut, à son tour, entraîner davantage de stress et de dysfonctionnements, ce qui aggrave la situation de la personne touchée et son état dépressif.","La dépression peut, à son tour, conduire à plus de stress et de dysfonctionnement et aggraver la situation de vie et l'état de dépression du personne affectée.",36.49233186376867,68.96551724137932,62.06896551724138
Ollama llama3.2,0.8,"Depression can, in turn, lead to more stress and dysfunction and worsen the affected person’s life situation and the depression itself.","La dépression peut, à son tour, entraîner davantage de stress et de dysfonctionnements, ce qui aggrave la situation de la personne touchée et son état dépressif.",La dépression peut conduire à davantage de stress et d'arrêts de fonctionnement et aggraver la situation de vie du personne affecté ainsi que lui-même.,15.789849275916293,56.14035087719299,49.122807017543856
Ollama llama3.2,1.0,"Depression can, in turn, lead to more stress and dysfunction and worsen the affected person’s life situation and the depression itself.","La dépression peut, à son tour, entraîner davantage de stress et de dysfonctionnements, ce qui aggrave la situation de la personne touchée et son état dépressif.",La dépression peut conduire à plus de stress et de dysfonctionnement et aggraver la situation de vie du malade et lui-même.,14.833501734249143,53.84615384615385,53.84615384615385
HF opus-mt,n/a,Depression is closely related to and affected by physical health.,"La dépression est étroitement liée à la santé physique, sur laquelle elle a une incidence.",La dépression est étroitement liée à la santé physique et est affectée par celle-ci.,49.527101827046046,60.60606060606061,60.60606060606061
Ollama llama3.2,0.0,Depression is closely related to and affected by physical health.,"La dépression est étroitement liée à la santé physique, sur laquelle elle a une incidence.",La dépression est étroitement liée à et affectée par la santé physique.,36.562756700038676,66.66666666666666,66.66666666666666
Ollama llama3.2,0.2,Depression is closely related to and affected by physical health.,"La dépression est étroitement liée à la santé physique, sur laquelle elle a une incidence.",La dépression est étroitement liée à et affectée par la santé physique.,36.562756700038676,66.66666666666666,66.66666666666666
Ollama llama3.2,0.5,Depression is closely related to and affected by physical health.,"La dépression est étroitement liée à la santé physique, sur laquelle elle a une incidence.",La dépression est étroitement liée à et affectée par la santé physique.,36.562756700038676,66.66666666666666,66.66666666666666
Ollama llama3.2,0.8,Depression is closely related to and affected by physical health.,"La dépression est étroitement liée à la santé physique, sur laquelle elle a une incidence.",La dépression est intimement liée à et affectée par la santé physique.,16.63584005556407,60.00000000000001,60.00000000000001
Ollama llama3.2,1.0,Depression is closely related to and affected by physical health.,"La dépression est étroitement liée à la santé physique, sur laquelle elle a une incidence.",La dépression est étroitement liée à la santé physique.,44.8715475469121,76.92307692307693,76.92307692307693
HF opus-mt,n/a,"Many of the factors that influence depression (such as physical inactivity or harmful use of alcohol) are also known risk factors for diseases such as cardiovascular disease, cancer, diabetes and respiratory diseases.","Bon nombre des facteurs qui influent sur la dépression (comme l’inactivité physique ou l’usage nocif de l’alcool) sont également des facteurs de risque connus de pathologies telles que les maladies cardiovasculaires, le cancer, le diabète et les affections respiratoires.","Bon nombre des facteurs qui influent sur la dépression (tels que l'inactivité physique ou la consommation nocive d'alcool) sont également des facteurs de risque connus pour des maladies comme les maladies cardiovasculaires, le cancer, le diabète et les maladies respiratoires.",59.58682465862941,79.54545454545455,75.0
Ollama llama3.2,0.0,"Many of the factors that influence depression (such as physical inactivity or harmful use of alcohol) are also known risk factors for diseases such as cardiovascular disease, cancer, diabetes and respiratory diseases.","Bon nombre des facteurs qui influent sur la dépression (comme l’inactivité physique ou l’usage nocif de l’alcool) sont également des facteurs de risque connus de pathologies telles que les maladies cardiovasculaires, le cancer, le diabète et les affections respiratoires.","De nombreux facteurs qui influencent la dépression (comme l'inactivité physique ou l'utilisation nocive de l'alcool) sont également des facteurs de risque pour les maladies telles que la maladie cardiaque, le cancer, le diabète et les maladies respiratoires.",39.84289156484505,76.74418604651163,72.09302325581395
Ollama llama3.2,0.2,"Many of the factors that influence depression (such as physical inactivity or harmful use of alcohol) are also known risk factors for diseases such as cardiovascular disease, cancer, diabetes and respiratory diseases.","Bon nombre des facteurs qui influent sur la dépression (comme l’inactivité physique ou l’usage nocif de l’alcool) sont également des facteurs de risque connus de pathologies telles que les maladies cardiovasculaires, le cancer, le diabète et les affections respiratoires.","De nombreux facteurs qui influencent la dépression (comme l'inactivité physique ou l'utilisation nocive de l'alcool) sont également des facteurs de risque pour les maladies telles que la maladie cardiaque, le cancer, le diabète et les maladies respiratoires.",39.84289156484505,76.74418604651163,72.09302325581395
Ollama llama3.2,0.5,"Many of the factors that influence depression (such as physical inactivity or harmful use of alcohol) are also known risk factors for diseases such as cardiovascular disease, cancer, diabetes and respiratory diseases.","Bon nombre des facteurs qui influent sur la dépression (comme l’inactivité physique ou l’usage nocif de l’alcool) sont également des facteurs de risque connus de pathologies telles que les maladies cardiovasculaires, le cancer, le diabète et les affections respiratoires.","De nombreux facteurs qui influencent la dépression (comme l'inactivité physique ou le usage nocif de l'alcool) sont également des facteurs de risque pour les maladies telles que la maladie cardiaque, le cancer, le diabète et les maladies respiratoires.",40.63887356179488,79.06976744186046,74.4186046511628
Ollama llama3.2,0.8,"Many of the factors that influence depression (such as physical inactivity or harmful use of alcohol) are also known risk factors for diseases such as cardiovascular disease, cancer, diabetes and respiratory diseases.","Bon nombre des facteurs qui influent sur la dépression (comme l’inactivité physique ou l’usage nocif de l’alcool) sont également des facteurs de risque connus de pathologies telles que les maladies cardiovasculaires, le cancer, le diabète et les affections respiratoires.","De nombreux facteurs qui influencent la dépression (comme l'inactivité physique ou l'abus d'alcool nocif) sont également des facteurs de risque pour les maladies telles que les troubles cardiovasculaires, le cancer, le diabète et les maladies respiratoires.",43.595605159959604,77.64705882352942,70.58823529411764
Ollama llama3.2,1.0,"Many of the factors that influence depression (such as physical inactivity or harmful use of alcohol) are also known risk factors for diseases such as cardiovascular disease, cancer, diabetes and respiratory diseases.","Bon nombre des facteurs qui influent sur la dépression (comme l’inactivité physique ou l’usage nocif de l’alcool) sont également des facteurs de risque connus de pathologies telles que les maladies cardiovasculaires, le cancer, le diabète et les affections respiratoires.","De nombreux facteurs qui influencent la dépression (comme l'inactivité physique ou l'abus d'alcool nocif) sont également des facteurs de risque pour les maladies telles que la maladie cardiaque, le cancer, le diabète et les maladies respiratoires.",39.821747795355584,75.29411764705883,68.23529411764706
HF opus-mt,n/a,"In turn, people with these diseases may also find themselves experiencing depression due to the difficulties associated with managing their condition.",Les personnes atteintes de ces pathologies peuvent également souffrir de dépression en raison des difficultés associées à la prise en charge de leur état.,"À son tour, les personnes atteintes de ces maladies peuvent aussi se retrouver en dépression en raison des difficultés associées à la gestion de leur état.",42.7287006396234,75.47169811320754,71.69811320754717
Ollama llama3.2,0.0,"In turn, people with these diseases may also find themselves experiencing depression due to the difficulties associated with managing their condition.",Les personnes atteintes de ces pathologies peuvent également souffrir de dépression en raison des difficultés associées à la prise en charge de leur état.,"En retour, les personnes atteintes de ces maladies peuvent également ressentir la dépression en raison des difficultés associées à la gestion de leur état.",47.08814006796008,80.76923076923077,76.92307692307693
Ollama llama3.2,0.2,"In turn, people with these diseases may also find themselves experiencing depression due to the difficulties associated with managing their condition.",Les personnes atteintes de ces pathologies peuvent également souffrir de dépression en raison des difficultés associées à la prise en charge de leur état.,"En retour, les personnes atteintes de ces maladies peuvent également ressentir la dépression en raison des difficultés associées à la gestion de leur état.",47.08814006796008,80.76923076923077,76.92307692307693
Ollama llama3.2,0.5,"In turn, people with these diseases may also find themselves experiencing depression due to the difficulties associated with managing their condition.",Les personnes atteintes de ces pathologies peuvent également souffrir de dépression en raison des difficultés associées à la prise en charge de leur état.,"En retour, les personnes atteintes de ces maladies peuvent également ressentir la dépression en raison des difficultés associées à la gestion de leur état.",47.08814006796008,80.76923076923077,76.92307692307693
Ollama llama3.2,0.8,"In turn, people with these diseases may also find themselves experiencing depression due to the difficulties associated with managing their condition.",Les personnes atteintes de ces pathologies peuvent également souffrir de dépression en raison des difficultés associées à la prise en charge de leur état.,"En retour, les personnes atteintes de ces maladies peuvent également se retrouver dans un état de dépression en raison des difficultés associées à la gestion de leur état.",44.18975777649825,78.57142857142856,75.0
Ollama llama3.2,1.0,"In turn, people with these diseases may also find themselves experiencing depression due to the difficulties associated with managing their condition.",Les personnes atteintes de ces pathologies peuvent également souffrir de dépression en raison des difficultés associées à la prise en charge de leur état.,"En retour, les personnes qui ont ces maladies peuvent également ressentir de la dépression en raison des difficultés associées à la gestion de leur état.",38.20749987385285,75.47169811320754,71.69811320754717
HF opus-mt,n/a,Prevention programmes have been shown to reduce depression.,L’efficacité des programmes de prévention de la dépression est prouvée.,Il a été démontré que les programmes de prévention réduisaient la dépression.,15.133218633429316,46.666666666666664,46.666666666666664
Ollama llama3.2,0.0,Prevention programmes have been shown to reduce depression.,L’efficacité des programmes de prévention de la dépression est prouvée.,Les programmes de prévention ont montré une réduction de la dépression.,22.03359678996932,57.14285714285714,57.14285714285714
Ollama llama3.2,0.2,Prevention programmes have been shown to reduce depression.,L’efficacité des programmes de prévention de la dépression est prouvée.,Les programmes de prévention ont montré une réduction de la dépression.,22.03359678996932,57.14285714285714,57.14285714285714
Ollama llama3.2,0.5,Prevention programmes have been shown to reduce depression.,L’efficacité des programmes de prévention de la dépression est prouvée.,Les programmes de prévention ont montré une réduction de la dépression.,22.03359678996932,57.14285714285714,57.14285714285714
Ollama llama3.2,0.8,Prevention programmes have been shown to reduce depression.,L’efficacité des programmes de prévention de la dépression est prouvée.,Les programmes de prévention ont montré que la dépression peut être réduite.,15.133218633429316,48.275862068965516,48.275862068965516
Ollama llama3.2,1.0,Prevention programmes have been shown to reduce depression.,L’efficacité des programmes de prévention de la dépression est prouvée.,Les programmes de prévention ont été montrés réduire la dépression.,18.36028134946796,50.0,50.0
HF opus-mt,n/a,Effective community approaches to prevent depression include school-based programmes to enhance a pattern of positive coping in children and adolescents.,Les approches communautaires efficaces en la matière comprennent des programmes scolaires visant à renforcer une aptitude positive à faire face aux difficultés chez les enfants et les adolescents.,Des approches communautaires efficaces de prévention de la dépression comprennent des programmes scolaires visant à améliorer l'adaptation positive des enfants et des adolescents.,24.23722957478813,48.14814814814815,48.14814814814815
Ollama llama3.2,0.0,Effective community approaches to prevent depression include school-based programmes to enhance a pattern of positive coping in children and adolescents.,Les approches communautaires efficaces en la matière comprennent des programmes scolaires visant à renforcer une aptitude positive à faire face aux difficultés chez les enfants et les adolescents.,Les approches communautaires efficaces pour prévenir la dépression comprennent des programmes scolaires pour renforcer un modèle de gestion positive chez les enfants et les adolescents.,37.83448853961345,60.71428571428571,60.71428571428571
Ollama llama3.2,0.2,Effective community approaches to prevent depression include school-based programmes to enhance a pattern of positive coping in children and adolescents.,Les approches communautaires efficaces en la matière comprennent des programmes scolaires visant à renforcer une aptitude positive à faire face aux difficultés chez les enfants et les adolescents.,Approches communautaires efficaces pour prévenir la dépression incluent des programmes scolaires visant à renforcer un modèle de gestion positive chez les enfants et les adolescents.,38.763114931012765,58.18181818181818,58.18181818181818
Ollama llama3.2,0.5,Effective community approaches to prevent depression include school-based programmes to enhance a pattern of positive coping in children and adolescents.,Les approches communautaires efficaces en la matière comprennent des programmes scolaires visant à renforcer une aptitude positive à faire face aux difficultés chez les enfants et les adolescents.,Approches communautaires efficaces pour prévenir la dépression comprennent des programmes scolaires conçus pour renforcer un modèle de gestion positive chez les enfants et les adolescents.,31.4936499774519,56.14035087719299,56.14035087719299
Ollama llama3.2,0.8,Effective community approaches to prevent depression include school-based programmes to enhance a pattern of positive coping in children and adolescents.,Les approches communautaires efficaces en la matière comprennent des programmes scolaires visant à renforcer une aptitude positive à faire face aux difficultés chez les enfants et les adolescents.,Approches communautaires efficaces pour prévenir la dépression comprennent des programmes scolaires pour renforcer un modèle de gestion positive chez les enfants et les adolescents.,31.403962337424876,58.18181818181818,58.18181818181818
Ollama llama3.2,1.0,Effective community approaches to prevent depression include school-based programmes to enhance a pattern of positive coping in children and adolescents.,Les approches communautaires efficaces en la matière comprennent des programmes scolaires visant à renforcer une aptitude positive à faire face aux difficultés chez les enfants et les adolescents.,Les approches communautaires efficaces pour prévenir la dépression comprennent des programmes scolaires pour renforcer un modèle de coping positif chez les enfants et les adolescent.,29.784855203058182,57.14285714285714,57.14285714285714
HF opus-mt,n/a,Interventions for parents of children with behavioural problems may reduce parental depressive symptoms and improve outcomes for their children.,Les interventions destinées aux parents d’enfants présentant des troubles du comportement peuvent soulager les symptômes dépressifs chez les parents et avoir des répercussions positives sur leurs enfants.,Les interventions auprès des parents d'enfants ayant des problèmes de comportement peuvent réduire les symptômes dépressifs parentaux et améliorer les résultats pour leurs enfants.,11.637772086086912,58.46153846153847,52.307692307692314
Ollama llama3.2,0.0,Interventions for parents of children with behavioural problems may reduce parental depressive symptoms and improve outcomes for their children.,Les interventions destinées aux parents d’enfants présentant des troubles du comportement peuvent soulager les symptômes dépressifs chez les parents et avoir des répercussions positives sur leurs enfants.,Les interventions pour les parents de enfants présentant des problèmes de comportement peuvent réduire les symptômes dépressifs parentaux et améliorer les résultats pour leurs enfants.,12.5220356269653,58.46153846153847,55.38461538461538
Ollama llama3.2,0.2,Interventions for parents of children with behavioural problems may reduce parental depressive symptoms and improve outcomes for their children.,Les interventions destinées aux parents d’enfants présentant des troubles du comportement peuvent soulager les symptômes dépressifs chez les parents et avoir des répercussions positives sur leurs enfants.,Les interventions pour les parents de enfants présentant des problèmes de comportement peuvent réduire les symptômes dépressifs parentaux et améliorer les résultats pour leurs enfants.,12.5220356269653,58.46153846153847,55.38461538461538
Ollama llama3.2,0.5,Interventions for parents of children with behavioural problems may reduce parental depressive symptoms and improve outcomes for their children.,Les interventions destinées aux parents d’enfants présentant des troubles du comportement peuvent soulager les symptômes dépressifs chez les parents et avoir des répercussions positives sur leurs enfants.,Interventions pour les parents de enfants présentant des problèmes de comportement peuvent réduire les symptômes dépressifs des parents et améliorer les résultats pour leurs enfants.,12.5220356269653,64.61538461538461,55.38461538461538
Ollama llama3.2,0.8,Interventions for parents of children with behavioural problems may reduce parental depressive symptoms and improve outcomes for their children.,Les interventions destinées aux parents d’enfants présentant des troubles du comportement peuvent soulager les symptômes dépressifs chez les parents et avoir des répercussions positives sur leurs enfants.,Les interventions pour les parents de enfants présentant des problèmes de comportement peuvent réduire les symptômes dépressifs parentaux et améliorer les résultats pour leurs enfants.,12.5220356269653,58.46153846153847,55.38461538461538
Ollama llama3.2,1.0,Interventions for parents of children with behavioural problems may reduce parental depressive symptoms and improve outcomes for their children.,Les interventions destinées aux parents d’enfants présentant des troubles du comportement peuvent soulager les symptômes dépressifs chez les parents et avoir des répercussions positives sur leurs enfants.,Interventions destinées aux parents de enfants présentant des problèmes de comportement peuvent réduire les symptômes dépressifs parentaux et améliorer les résultats pour leurs enfants.,13.839721367554615,64.61538461538461,61.53846153846154
HF opus-mt,n/a,Exercise programmes for older persons can also be effective in depression prevention.,Les programmes d’exercice physique à l’intention des personnes âgées peuvent aussi prévenir efficacement la dépression.,Les programmes d'exercice pour les personnes âgées peuvent également être efficaces dans la prévention de la dépression.,15.27678022374703,65.00000000000001,60.0
Ollama llama3.2,0.0,Exercise programmes for older persons can also be effective in depression prevention.,Les programmes d’exercice physique à l’intention des personnes âgées peuvent aussi prévenir efficacement la dépression.,Les programmes d'exercice pour personnes âgées peuvent également être efficaces en prévention de la dépression.,17.395797375642235,68.42105263157895,63.1578947368421
Ollama llama3.2,0.2,Exercise programmes for older persons can also be effective in depression prevention.,Les programmes d’exercice physique à l’intention des personnes âgées peuvent aussi prévenir efficacement la dépression.,Les programmes d'exercice pour personnes âgées peuvent également être efficaces en prévention de la dépression.,17.395797375642235,68.42105263157895,63.1578947368421
Ollama llama3.2,0.5,Exercise programmes for older persons can also be effective in depression prevention.,Les programmes d’exercice physique à l’intention des personnes âgées peuvent aussi prévenir efficacement la dépression.,Les programmes d'exercice pour personnes âgées peuvent également être efficaces en prévention de la dépression.,17.395797375642235,68.42105263157895,63.1578947368421
Ollama llama3.2,0.8,Exercise programmes for older persons can also be effective in depression prevention.,Les programmes d’exercice physique à l’intention des personnes âgées peuvent aussi prévenir efficacement la dépression.,Les programmes d'exercice pour personnes âgées peuvent également être efficaces dans la prévention de la dépression.,16.267392600305733,66.66666666666667,61.53846153846154
Ollama llama3.2,1.0,Exercise programmes for older persons can also be effective in depression prevention.,Les programmes d’exercice physique à l’intention des personnes âgées peuvent aussi prévenir efficacement la dépression.,Les programmes d'exercices pour personnes âgées peuvent également être efficaces en prévention de la dépression.,17.395797375642235,68.42105263157895,63.1578947368421
HF opus-mt,n/a,There are effective treatments for depression.,Il existe des psychothérapies et des médicaments efficaces contre la dépression.,Il existe des traitements efficaces pour la dépression.,22.226917310625463,60.86956521739131,60.86956521739131
Ollama llama3.2,0.0,There are effective treatments for depression.,Il existe des psychothérapies et des médicaments efficaces contre la dépression.,Il existe des traitements efficaces pour la dépression.,22.226917310625463,60.86956521739131,60.86956521739131
Ollama llama3.2,0.2,There are effective treatments for depression.,Il existe des psychothérapies et des médicaments efficaces contre la dépression.,Il existe des traitements efficaces pour la dépression.,22.226917310625463,60.86956521739131,60.86956521739131
Ollama llama3.2,0.5,There are effective treatments for depression.,Il existe des psychothérapies et des médicaments efficaces contre la dépression.,Il existe des traitements efficaces pour la dépression.,22.226917310625463,60.86956521739131,60.86956521739131
Ollama llama3.2,0.8,There are effective treatments for depression.,Il existe des psychothérapies et des médicaments efficaces contre la dépression.,Il existe des traitements efficaces contre la dépression.,42.77327777195314,69.56521739130434,69.56521739130434
Ollama llama3.2,1.0,There are effective treatments for depression.,Il existe des psychothérapies et des médicaments efficaces contre la dépression.,Il existe des traitements efficaces contre la dépression.,42.77327777195314,69.56521739130434,69.56521739130434
HF opus-mt,n/a,Seek care if you have symptoms of depression.,"Si vous présentez des symptômes de dépression, consultez un médecin.",Demandez des soins si vous avez des symptômes de dépression.,23.708987804092644,61.53846153846153,61.53846153846153
Ollama llama3.2,0.0,Seek care if you have symptoms of depression.,"Si vous présentez des symptômes de dépression, consultez un médecin.",Cherchez soin si vous présentez des symptômes de dépression.,43.98917247584221,76.92307692307692,76.92307692307692
Ollama llama3.2,0.2,Seek care if you have symptoms of depression.,"Si vous présentez des symptômes de dépression, consultez un médecin.",Cherchez soin si vous présentez des symptômes de dépression.,43.98917247584221,76.92307692307692,76.92307692307692
Ollama llama3.2,0.5,Seek care if you have symptoms of depression.,"Si vous présentez des symptômes de dépression, consultez un médecin.",Cherchez soin si vous présentez des symptômes de dépression.,43.98917247584221,76.92307692307692,76.92307692307692
Ollama llama3.2,0.8,Seek care if you have symptoms of depression.,"Si vous présentez des symptômes de dépression, consultez un médecin.",Cherchez soin si vous présentez des symptômes de dépression.,43.98917247584221,76.92307692307692,76.92307692307692
Ollama llama3.2,1.0,Seek care if you have symptoms of depression.,"Si vous présentez des symptômes de dépression, consultez un médecin.",Cherchez soin si vous ressentez des symptômes de dépression.,23.801761257033814,64.0,64.0
HF opus-mt,n/a,Psychological treatments are the first treatments for depression.,Les psychothérapies sont les premiers traitements de la dépression.,Les traitements psychologiques sont les premiers traitements pour la dépression.,35.08439695638686,72.72727272727273,72.72727272727273
Ollama llama3.2,0.0,Psychological treatments are the first treatments for depression.,Les psychothérapies sont les premiers traitements de la dépression.,Les traitements psychologiques sont les premiers traitements de la dépression.,69.89307622784945,81.81818181818183,81.81818181818183
Ollama llama3.2,0.2,Psychological treatments are the first treatments for depression.,Les psychothérapies sont les premiers traitements de la dépression.,Les traitements psychologiques sont les premiers traitements de la dépression.,69.89307622784945,81.81818181818183,81.81818181818183
Ollama llama3.2,0.5,Psychological treatments are the first treatments for depression.,Les psychothérapies sont les premiers traitements de la dépression.,Les traitements psychologiques sont les premiers traitements de la dépression.,69.89307622784945,81.81818181818183,81.81818181818183
Ollama llama3.2,0.8,Psychological treatments are the first treatments for depression.,Les psychothérapies sont les premiers traitements de la dépression.,Les traitements psychologiques sont les premiers traitements de la dépression.,69.89307622784945,81.81818181818183,81.81818181818183
Ollama llama3.2,1.0,Psychological treatments are the first treatments for depression.,Les psychothérapies sont les premiers traitements de la dépression.,Les traitements psychologiques sont les premiers traitements pour la dépression.,35.08439695638686,72.72727272727273,72.72727272727273
HF opus-mt,n/a,They can be combined with antidepressant medications in moderate and severe depression.,"Dans les cas de dépression modérée ou sévère, elles peuvent être associées à la prise d’antidépresseurs.",Ils peuvent être combinés avec des médicaments antidépresseurs en dépression modérée et sévère.,6.680013609421688,54.54545454545454,36.36363636363636
Ollama llama3.2,0.0,They can be combined with antidepressant medications in moderate and severe depression.,"Dans les cas de dépression modérée ou sévère, elles peuvent être associées à la prise d’antidépresseurs.",Ils peuvent être associés aux médicaments antidépresseurs dans la dépression modérée et sévère.,6.942470526671953,68.18181818181819,40.909090909090914
Ollama llama3.2,0.2,They can be combined with antidepressant medications in moderate and severe depression.,"Dans les cas de dépression modérée ou sévère, elles peuvent être associées à la prise d’antidépresseurs.",Ils peuvent être associés aux médicaments antidépresseurs dans l'apnée modérée et sévère.,5.288157046685395,54.54545454545454,31.818181818181824
Ollama llama3.2,0.5,They can be combined with antidepressant medications in moderate and severe depression.,"Dans les cas de dépression modérée ou sévère, elles peuvent être associées à la prise d’antidépresseurs.",Ils peuvent être associés aux médicaments antidépresseurs dans l'aphasie et la dépression modérée ou sévère.,17.265832596754283,68.08510638297872,42.5531914893617
Ollama llama3.2,0.8,They can be combined with antidepressant medications in moderate and severe depression.,"Dans les cas de dépression modérée ou sévère, elles peuvent être associées à la prise d’antidépresseurs.",Ils peuvent être associés aux médicaments antidépresseurs dans la dépression modérée et sévère.,6.942470526671953,68.18181818181819,40.909090909090914
Ollama llama3.2,1.0,They can be combined with antidepressant medications in moderate and severe depression.,"Dans les cas de dépression modérée ou sévère, elles peuvent être associées à la prise d’antidépresseurs.",Ils peuvent être associés aux médicaments antidépresseurs dans l'adversité modérée et grave.,5.001230153993728,48.78048780487805,24.390243902439025
HF opus-mt,n/a,Antidepressant medications are not needed for mild depression.,Les antidépresseurs ne sont pas nécessaires pour traiter la dépression légère.,Les médicaments antidépresseurs ne sont pas nécessaires pour une dépression légère.,54.52469119630863,84.84848484848484,84.84848484848484
Ollama llama3.2,0.0,Antidepressant medications are not needed for mild depression.,Les antidépresseurs ne sont pas nécessaires pour traiter la dépression légère.,Les médicaments antidépresseurs ne sont pas nécessaires pour une dépression légère.,54.52469119630863,84.84848484848484,84.84848484848484
Ollama llama3.2,0.2,Antidepressant medications are not needed for mild depression.,Les antidépresseurs ne sont pas nécessaires pour traiter la dépression légère.,Les médicaments antidépresseurs ne sont pas nécessaires pour une dépression légère.,54.52469119630863,84.84848484848484,84.84848484848484
Ollama llama3.2,0.5,Antidepressant medications are not needed for mild depression.,Les antidépresseurs ne sont pas nécessaires pour traiter la dépression légère.,Les médicaments antidépressifs ne sont pas nécessaires pour une dépression légère.,43.66835442847811,78.7878787878788,78.7878787878788
Ollama llama3.2,0.8,Antidepressant medications are not needed for mild depression.,Les antidépresseurs ne sont pas nécessaires pour traiter la dépression légère.,Les médicaments antidépresseurs ne sont pas nécessaires pour une dépression légère.,54.52469119630863,84.84848484848484,84.84848484848484
Ollama llama3.2,1.0,Antidepressant medications are not needed for mild depression.,Les antidépresseurs ne sont pas nécessaires pour traiter la dépression légère.,Les médicaments anti-dépresseurs ne sont pas nécessaires pour une légère dépression.,36.72056269893593,76.47058823529412,64.70588235294117
HF opus-mt,n/a,"Psychological treatments can teach new ways of thinking, coping or relating to others.","Les psychothérapies peuvent modifier la façon de voir les choses, de faire face aux difficultés ou d’établir des relations avec autrui.","Les traitements psychologiques peuvent enseigner de nouvelles façons de penser, de s'adapter ou de se rapporter aux autres.",4.6610050335531135,35.55555555555556,31.11111111111111
Ollama llama3.2,0.0,"Psychological treatments can teach new ways of thinking, coping or relating to others.","Les psychothérapies peuvent modifier la façon de voir les choses, de faire face aux difficultés ou d’établir des relations avec autrui.","Les traitements psychologiques peuvent enseigner de nouvelles façons de penser, de gérer ou de se lier aux autres.",4.6610050335531135,31.11111111111111,26.66666666666666
Ollama llama3.2,0.2,"Psychological treatments can teach new ways of thinking, coping or relating to others.","Les psychothérapies peuvent modifier la façon de voir les choses, de faire face aux difficultés ou d’établir des relations avec autrui.","Les traitements psychologiques peuvent enseigner de nouvelles façons de penser, faire face aux difficultés ou se lier avec les autres.",19.619665430804485,55.31914893617022,46.808510638297875
Ollama llama3.2,0.5,"Psychological treatments can teach new ways of thinking, coping or relating to others.","Les psychothérapies peuvent modifier la façon de voir les choses, de faire face aux difficultés ou d’établir des relations avec autrui.","Les traitements psychologiques peuvent enseigner de nouvelles façons de penser, faire face aux difficultés ou s'adapter à d'autres personnes.",18.824383129269915,51.06382978723404,46.808510638297875
Ollama llama3.2,0.8,"Psychological treatments can teach new ways of thinking, coping or relating to others.","Les psychothérapies peuvent modifier la façon de voir les choses, de faire face aux difficultés ou d’établir des relations avec autrui.","Les traitements psychologiques peuvent enseigner de nouvelles façons de penser, faire face aux difficultés ou se lier aux autres.",18.824383129269915,47.82608695652174,43.47826086956522
Ollama llama3.2,1.0,"Psychological treatments can teach new ways of thinking, coping or relating to others.","Les psychothérapies peuvent modifier la façon de voir les choses, de faire face aux difficultés ou d’établir des relations avec autrui.","Les traitements psychologiques peuvent enseigner de nouvelles façons de penser, de gérer ou de s'adapter aux autres.",4.638962162565352,35.55555555555556,26.66666666666666
HF opus-mt,n/a,They may include talk therapy with professionals and supervised lay therapists.,"Il peut s’agir d’une thérapie par la parole avec des professionnels, voire avec des thérapeutes non professionnels encadrés.",Il peut s'agir d'une thérapie avec des professionnels et des laïcs supervisés.,9.491068672993103,70.0,65.0
Ollama llama3.2,0.0,They may include talk therapy with professionals and supervised lay therapists.,"Il peut s’agir d’une thérapie par la parole avec des professionnels, voire avec des thérapeutes non professionnels encadrés.",Ils peuvent inclure la thérapie de parole avec des professionnels et des thérapeutes non qualifiés sous surveillance.,19.023249558504325,55.81395348837209,51.162790697674424
Ollama llama3.2,0.2,They may include talk therapy with professionals and supervised lay therapists.,"Il peut s’agir d’une thérapie par la parole avec des professionnels, voire avec des thérapeutes non professionnels encadrés.",Ils peuvent inclure la thérapie de parole avec des professionnels et des thérapeutes non qualifiés sous surveillance.,19.023249558504325,55.81395348837209,51.162790697674424
Ollama llama3.2,0.5,They may include talk therapy with professionals and supervised lay therapists.,"Il peut s’agir d’une thérapie par la parole avec des professionnels, voire avec des thérapeutes non professionnels encadrés.",Ils peuvent inclure la thérapie de parole avec des professionnels et des thérapeutes non qualifiés sous surveillance.,19.023249558504325,55.81395348837209,51.162790697674424
Ollama llama3.2,0.8,They may include talk therapy with professionals and supervised lay therapists.,"Il peut s’agir d’une thérapie par la parole avec des professionnels, voire avec des thérapeutes non professionnels encadrés.",Ils peuvent inclure des thérapies verbales avec des professionnels et des thérapeutes non qualifiés supervisés.,12.392109146894759,52.38095238095239,47.61904761904761
Ollama llama3.2,1.0,They may include talk therapy with professionals and supervised lay therapists.,"Il peut s’agir d’une thérapie par la parole avec des professionnels, voire avec des thérapeutes non professionnels encadrés.",Ils peuvent inclure la thérapie en discussion avec des professionnels et des thérapeutes bénévoles sous surveillance.,10.091554247896084,41.86046511627907,37.2093023255814
HF opus-mt,n/a,Talk therapy can happen in person or online.,La thérapie par la parole peut se dérouler en présentiel ou en ligne.,Talk thérapie peut se produire en personne ou en ligne.,22.825471031091595,59.25925925925925,59.25925925925925
Ollama llama3.2,0.0,Talk therapy can happen in person or online.,La thérapie par la parole peut se dérouler en présentiel ou en ligne.,La thérapie de parole peut se produire en personne ou en ligne.,29.633403702962482,68.96551724137932,68.96551724137932
Ollama llama3.2,0.2,Talk therapy can happen in person or online.,La thérapie par la parole peut se dérouler en présentiel ou en ligne.,La thérapie de parole peut se produire en personne ou en ligne.,29.633403702962482,68.96551724137932,68.96551724137932
Ollama llama3.2,0.5,Talk therapy can happen in person or online.,La thérapie par la parole peut se dérouler en présentiel ou en ligne.,La thérapie de parole peut se produire en personne ou en ligne.,29.633403702962482,68.96551724137932,68.96551724137932
Ollama llama3.2,0.8,Talk therapy can happen in person or online.,La thérapie par la parole peut se dérouler en présentiel ou en ligne.,La thérapie de discours peut se produire en personne ou en ligne.,24.918622945587302,62.06896551724138,62.06896551724138
Ollama llama3.2,1.0,Talk therapy can happen in person or online.,La thérapie par la parole peut se dérouler en présentiel ou en ligne.,Le thérapie par le discours peut se produire en personne ou en ligne.,24.739977342883947,60.00000000000001,60.00000000000001
HF opus-mt,n/a,"Psychological treatments may be accessed through self-help manuals, websites and apps.","Certains manuels d’auto-assistance, sites Web et applications mobiles proposent des aides psychologiques.","Les traitements psychologiques peuvent être accessibles par le biais de manuels d'auto-assistance, de sites Web et d'applications.",9.313775329024091,52.94117647058824,47.05882352941176
Ollama llama3.2,0.0,"Psychological treatments may be accessed through self-help manuals, websites and apps.","Certains manuels d’auto-assistance, sites Web et applications mobiles proposent des aides psychologiques.","Les traitements psychologiques peuvent être accessibles à travers des manuels d'aide à soi-même, des sites web et des applications.",3.0542786342810864,52.94117647058824,35.29411764705882
Ollama llama3.2,0.2,"Psychological treatments may be accessed through self-help manuals, websites and apps.","Certains manuels d’auto-assistance, sites Web et applications mobiles proposent des aides psychologiques.","Les traitements psychologiques peuvent être accessibles par des manuels d'aide à soi-même, des sites web et des applications.",3.2199657147289615,52.94117647058824,35.29411764705882
Ollama llama3.2,0.5,"Psychological treatments may be accessed through self-help manuals, websites and apps.","Certains manuels d’auto-assistance, sites Web et applications mobiles proposent des aides psychologiques.","Les traitements psychologiques peuvent être accessibles par le biais de manuels d'aide à soi-même, des sites web et des applications.",2.9048326022045954,50.000000000000014,33.33333333333333
Ollama llama3.2,0.8,"Psychological treatments may be accessed through self-help manuals, websites and apps.","Certains manuels d’auto-assistance, sites Web et applications mobiles proposent des aides psychologiques.","Les traitements psychologiques peuvent être accessibles à travers des manuels d'aide en soi, des sites web et des applications.",3.0542786342810864,54.54545454545454,36.36363636363637
Ollama llama3.2,1.0,"Psychological treatments may be accessed through self-help manuals, websites and apps.","Certains manuels d’auto-assistance, sites Web et applications mobiles proposent des aides psychologiques.","Les traitements psychologiques peuvent être accessibles par les manuels d'aide à soi-même, les sites web et les applications.",3.1142484770067234,47.05882352941176,35.29411764705882
HF opus-mt,n/a,"Effective psychological treatments for depression include: Antidepressant medications include selective serotonin reuptake inhibitors (SSRIs), such as fluoxetine.","Les psychothérapies efficaces de la dépression sont les suivantes : Parmi les antidépresseurs, on peut citer les inhibiteurs sélectifs de la recapture de la sérotonine (ISRS), tels que la fluoxétine.","Les traitements psychologiques efficaces contre la dépression comprennent : Les médicaments antidépresseurs comprennent les inhibiteurs sélectifs de la recapture de la sérotonine (ISRS), tels que la fluoxétine.",53.502737683281346,74.62686567164178,74.62686567164178
Ollama llama3.2,0.0,"Effective psychological treatments for depression include: Antidepressant medications include selective serotonin reuptake inhibitors (SSRIs), such as fluoxetine.","Les psychothérapies efficaces de la dépression sont les suivantes : Parmi les antidépresseurs, on peut citer les inhibiteurs sélectifs de la recapture de la sérotonine (ISRS), tels que la fluoxétine.","Les traitements psychologiques efficaces pour la dépression comprennent : Les médicaments antidépresseurs incluent des inhibiteurs de la réabsorption de la sérotonine sélectionnels (ISRS), tels que la fluoxétine.",31.268907116382188,64.70588235294117,61.764705882352935
Ollama llama3.2,0.2,"Effective psychological treatments for depression include: Antidepressant medications include selective serotonin reuptake inhibitors (SSRIs), such as fluoxetine.","Les psychothérapies efficaces de la dépression sont les suivantes : Parmi les antidépresseurs, on peut citer les inhibiteurs sélectifs de la recapture de la sérotonine (ISRS), tels que la fluoxétine.","Les traitements psychologiques efficaces contre la dépression comprennent : Les médicaments antidépresseurs incluent des inhibiteurs de la réabsorption de la sérotonine sélectionnels (ISRS), tels que la fluoxétine.",31.268907116382188,64.70588235294117,61.764705882352935
Ollama llama3.2,0.5,"Effective psychological treatments for depression include: Antidepressant medications include selective serotonin reuptake inhibitors (SSRIs), such as fluoxetine.","Les psychothérapies efficaces de la dépression sont les suivantes : Parmi les antidépresseurs, on peut citer les inhibiteurs sélectifs de la recapture de la sérotonine (ISRS), tels que la fluoxétine.","Les traitements psychologiques efficaces pour la dépression comprennent : Les médicaments antidépresseurs incluent des inhibiteurs de la réabsorption de la sérotonine sélectionnels (ISRS), tels que la fluoxétine.",31.268907116382188,64.70588235294117,61.764705882352935
Ollama llama3.2,0.8,"Effective psychological treatments for depression include: Antidepressant medications include selective serotonin reuptake inhibitors (SSRIs), such as fluoxetine.","Les psychothérapies efficaces de la dépression sont les suivantes : Parmi les antidépresseurs, on peut citer les inhibiteurs sélectifs de la recapture de la sérotonine (ISRS), tels que la fluoxétine.","Traitements psychologiques efficaces pour la dépression comprennent : Les médicaments anti-dépresseurs comprennent des inhibiteurs sélectifs de la réabsorption de la sérobroméline (SSRIs), comme la fluoxétine.",13.299573829480515,50.0,50.0
Ollama llama3.2,1.0,"Effective psychological treatments for depression include: Antidepressant medications include selective serotonin reuptake inhibitors (SSRIs), such as fluoxetine.","Les psychothérapies efficaces de la dépression sont les suivantes : Parmi les antidépresseurs, on peut citer les inhibiteurs sélectifs de la recapture de la sérotonine (ISRS), tels que la fluoxétine.",Les traitements psychologiques efficaces contre la dépression comprennent : Les médicaments anti-dépressifs comprennent des inhibiteurs de la réabsorption de la sérotonine sélectionnels (SRI) comme le fluoxétine.,7.322856114585723,47.05882352941177,44.11764705882353
HF opus-mt,n/a,"Health-care providers should keep in mind the possible adverse effects associated with antidepressant medication, the ability to deliver either intervention (in terms of expertise, and/or treatment availability), and individual preferences.","Les soignants doivent tenir compte des effets indésirables possibles associés aux antidépresseurs, de la capacité à proposer l’une ou l’autre des interventions (en termes de compétences et/ou de disponibilité du traitement) et des préférences individuelles.","Les fournisseurs de soins de santé doivent garder à l'esprit les effets indésirables possibles associés aux médicaments antidépresseurs, la capacité d'intervenir (en termes d'expertise et/ou de disponibilité du traitement) et les préférences individuelles.",37.92065366747485,68.23529411764704,61.1764705882353
Ollama llama3.2,0.0,"Health-care providers should keep in mind the possible adverse effects associated with antidepressant medication, the ability to deliver either intervention (in terms of expertise, and/or treatment availability), and individual preferences.","Les soignants doivent tenir compte des effets indésirables possibles associés aux antidépresseurs, de la capacité à proposer l’une ou l’autre des interventions (en termes de compétences et/ou de disponibilité du traitement) et des préférences individuelles.","Les prestataires de soins de santé devraient tenir compte des effets secondaires indésirables associés aux médicaments antidépresseurs, de la capacité à apporter soit une intervention (en termes d'expertise et/ou de disponibilité du traitement), et des préférences individuelles.",43.81125468085067,73.5632183908046,71.26436781609196
Ollama llama3.2,0.2,"Health-care providers should keep in mind the possible adverse effects associated with antidepressant medication, the ability to deliver either intervention (in terms of expertise, and/or treatment availability), and individual preferences.","Les soignants doivent tenir compte des effets indésirables possibles associés aux antidépresseurs, de la capacité à proposer l’une ou l’autre des interventions (en termes de compétences et/ou de disponibilité du traitement) et des préférences individuelles.","Les prestataires de soins de santé devraient tenir compte des effets secondaires indésirables associés aux médicaments antidépresseurs, de la capacité à fournir une intervention (en termes d'expertise et/ou de disponibilité du traitement), ainsi que des préférences individuelles.",41.268566385337124,71.26436781609196,68.96551724137932
Ollama llama3.2,0.5,"Health-care providers should keep in mind the possible adverse effects associated with antidepressant medication, the ability to deliver either intervention (in terms of expertise, and/or treatment availability), and individual preferences.","Les soignants doivent tenir compte des effets indésirables possibles associés aux antidépresseurs, de la capacité à proposer l’une ou l’autre des interventions (en termes de compétences et/ou de disponibilité du traitement) et des préférences individuelles.","Les prestataires de soins de santé devraient tenir compte des effets secondaires néfastes associés aux médicaments antidépresseurs, de la capacité à offrir une intervention (en termes d'expertise et/ou disponibilité du traitement), ainsi que les préférences individuelles.",31.103403037145846,65.11627906976744,60.46511627906976
Ollama llama3.2,0.8,"Health-care providers should keep in mind the possible adverse effects associated with antidepressant medication, the ability to deliver either intervention (in terms of expertise, and/or treatment availability), and individual preferences.","Les soignants doivent tenir compte des effets indésirables possibles associés aux antidépresseurs, de la capacité à proposer l’une ou l’autre des interventions (en termes de compétences et/ou de disponibilité du traitement) et des préférences individuelles.","Les prestataires de soins de santé devraient garder à l'esprit les effets secondaires indésirables associés aux médicaments antidépresseurs, la capacité de délivrer soit une intervention (en termes d'expertise et/ou disponibilité du traitement), ainsi que les préférences individuelles.",14.79253412382805,62.92134831460675,53.93258426966292
Ollama llama3.2,1.0,"Health-care providers should keep in mind the possible adverse effects associated with antidepressant medication, the ability to deliver either intervention (in terms of expertise, and/or treatment availability), and individual preferences.","Les soignants doivent tenir compte des effets indésirables possibles associés aux antidépresseurs, de la capacité à proposer l’une ou l’autre des interventions (en termes de compétences et/ou de disponibilité du traitement) et des préférences individuelles.","Les prestataires de soins de santé devraient garder à l'esprit les effets secondaires indésirables associés aux médicaments antidépresseurs, la capacité d'intervenir soit par expertise, soit par disponibilité du traitement, et les préférences individuelles.",8.590122534112481,53.01204819277109,45.78313253012048
HF opus-mt,n/a,"Antidepressants should not be used for treating depression in children and are not the first line of treatment in adolescents, among whom they should be used with extra caution.","Les antidépresseurs ne doivent pas être utilisés pour traiter la dépression chez l’enfant et ne sont pas non plus à prescrire en première intention aux adolescents, chez qui ils doivent être utilisés avec une très grande prudence.","Les antidépresseurs ne doivent pas être utilisés pour traiter la dépression chez les enfants et ne sont pas la première ligne de traitement chez les adolescents, parmi lesquels ils doivent être utilisés avec plus de prudence.",47.57155683202668,76.1904761904762,71.42857142857143
Ollama llama3.2,0.0,"Antidepressants should not be used for treating depression in children and are not the first line of treatment in adolescents, among whom they should be used with extra caution.","Les antidépresseurs ne doivent pas être utilisés pour traiter la dépression chez l’enfant et ne sont pas non plus à prescrire en première intention aux adolescents, chez qui ils doivent être utilisés avec une très grande prudence.","Les antidépresseurs ne devraient pas être utilisés pour traiter la dépression chez les enfants et ne sont pas la première ligne de traitement chez les adolescents, dont ils doivent être utilisés avec prudence supplémentaire.",38.29493337336551,72.28915662650604,69.87951807228916
Ollama llama3.2,0.2,"Antidepressants should not be used for treating depression in children and are not the first line of treatment in adolescents, among whom they should be used with extra caution.","Les antidépresseurs ne doivent pas être utilisés pour traiter la dépression chez l’enfant et ne sont pas non plus à prescrire en première intention aux adolescents, chez qui ils doivent être utilisés avec une très grande prudence.","Les antidépresseurs ne devraient pas être utilisés pour traiter la dépression chez les enfants et ne sont pas la première ligne de traitement chez les adolescents, dont ils doivent être utilisés avec prudence supplémentaire.",38.29493337336551,72.28915662650604,69.87951807228916
Ollama llama3.2,0.5,"Antidepressants should not be used for treating depression in children and are not the first line of treatment in adolescents, among whom they should be used with extra caution.","Les antidépresseurs ne doivent pas être utilisés pour traiter la dépression chez l’enfant et ne sont pas non plus à prescrire en première intention aux adolescents, chez qui ils doivent être utilisés avec une très grande prudence.","Les antidepresseurs ne devraient pas être utilisés pour traiter la dépression chez les enfants et ne constituent pas la première ligne de traitement chez les adolescents, dans lesquels ils doivent être utilisés avec plus de prudence.",32.53376908456847,67.46987951807229,62.650602409638545
Ollama llama3.2,0.8,"Antidepressants should not be used for treating depression in children and are not the first line of treatment in adolescents, among whom they should be used with extra caution.","Les antidépresseurs ne doivent pas être utilisés pour traiter la dépression chez l’enfant et ne sont pas non plus à prescrire en première intention aux adolescents, chez qui ils doivent être utilisés avec une très grande prudence.","Les antidépresseurs ne devraient pas être utilisés pour traiter la dépression chez les enfants et ne sont pas dans la première ligne de traitement chez les adolescents, entre lesquels ils devraient être utilisés avec précaution supplémentaire.",32.366494807381756,65.11627906976744,62.7906976744186
Ollama llama3.2,1.0,"Antidepressants should not be used for treating depression in children and are not the first line of treatment in adolescents, among whom they should be used with extra caution.","Les antidépresseurs ne doivent pas être utilisés pour traiter la dépression chez l’enfant et ne sont pas non plus à prescrire en première intention aux adolescents, chez qui ils doivent être utilisés avec une très grande prudence.","Les antidépresseurs ne devraient pas être utilisés pour traiter la dépression chez les enfants et ne constituent pas la première ligne de traitement chez les adolescentes, où ils doivent être utilisés avec prudence supplémentaire.",33.04283273968447,67.46987951807229,67.46987951807229
HF opus-mt,n/a,Different medications and treatments are used for bipolar disorder.,La prise en charge des troubles bipolaires repose sur différents médicaments et traitements.,Différents médicaments et traitements sont utilisés pour le trouble bipolaire.,11.412735515545796,57.14285714285715,42.857142857142854
Ollama llama3.2,0.0,Different medications and treatments are used for bipolar disorder.,La prise en charge des troubles bipolaires repose sur différents médicaments et traitements.,Différentes médicaments et traitements sont utilisés pour le trouble bipolaire.,11.412735515545796,57.14285714285715,42.857142857142854
Ollama llama3.2,0.2,Different medications and treatments are used for bipolar disorder.,La prise en charge des troubles bipolaires repose sur différents médicaments et traitements.,Différentes médicaments et traitements sont utilisés pour le trouble bipolaire.,11.412735515545796,57.14285714285715,42.857142857142854
Ollama llama3.2,0.5,Different medications and treatments are used for bipolar disorder.,La prise en charge des troubles bipolaires repose sur différents médicaments et traitements.,Différents médicaments et traitements sont utilisés pour le trouble bipolaire.,11.412735515545796,57.14285714285715,42.857142857142854
Ollama llama3.2,0.8,Different medications and treatments are used for bipolar disorder.,La prise en charge des troubles bipolaires repose sur différents médicaments et traitements.,Différentes médicaments et traitements sont utilisés pour le trouble bipolaire.,11.412735515545796,57.14285714285715,42.857142857142854
Ollama llama3.2,1.0,Different medications and treatments are used for bipolar disorder.,La prise en charge des troubles bipolaires repose sur différents médicaments et traitements.,Des médicaments et traitements différents sont utilisés pour le trouble bipolaire.,12.12428055266944,62.06896551724138,34.48275862068965
HF opus-mt,n/a,Self-care can play an important role in managing symptoms of depression and promoting overall well-being.,Il peut être important de se prendre en charge soi-même pour soulager les symptômes de la dépression et favoriser le bien-être général.,Les autosoins peuvent jouer un rôle important dans la gestion des symptômes de la dépression et la promotion du bien-être général.,21.282560929074485,53.57142857142857,46.42857142857143
Ollama llama3.2,0.0,Self-care can play an important role in managing symptoms of depression and promoting overall well-being.,Il peut être important de se prendre en charge soi-même pour soulager les symptômes de la dépression et favoriser le bien-être général.,L'auto-soin peut jouer un rôle important dans la gestion des symptômes de la dépression et en favorisant le bien-être global.,19.904361772885366,50.90909090909091,47.27272727272727
Ollama llama3.2,0.2,Self-care can play an important role in managing symptoms of depression and promoting overall well-being.,Il peut être important de se prendre en charge soi-même pour soulager les symptômes de la dépression et favoriser le bien-être général.,Le soin de soi peut jouer un rôle important dans la gestion des symptômes de la dépression et en favorisant le bien-être global.,19.383418023456656,57.14285714285714,46.42857142857143
Ollama llama3.2,0.5,Self-care can play an important role in managing symptoms of depression and promoting overall well-being.,Il peut être important de se prendre en charge soi-même pour soulager les symptômes de la dépression et favoriser le bien-être général.,Le soin de soi peut jouer un rôle important dans le gestion des symptômes de la dépression et favoriser le bien-être global.,32.998954725277905,54.54545454545454,47.27272727272727
Ollama llama3.2,0.8,Self-care can play an important role in managing symptoms of depression and promoting overall well-being.,Il peut être important de se prendre en charge soi-même pour soulager les symptômes de la dépression et favoriser le bien-être général.,La prise en charge de soi peut jouer un rôle important dans la gestion des symptômes de dépression et promouvoir le bien-être global.,7.1053107391720465,57.14285714285714,42.85714285714286
Ollama llama3.2,1.0,Self-care can play an important role in managing symptoms of depression and promoting overall well-being.,Il peut être important de se prendre en charge soi-même pour soulager les symptômes de la dépression et favoriser le bien-être général.,L'auto-soin peut jouer un rôle important dans la gestion des symptômes de dépression et en promouvant le bien-être global.,6.642561135292097,48.148148148148145,40.74074074074074
HF opus-mt,n/a,"If you think you are in immediate danger of harming yourself, contact any available emergency services or a crisis line.","Si vous pensez que vous risquez immédiatement de vous faire du mal, contactez un service d’urgence ou un service téléphonique d’aide par l’écoute.","Si vous pensez être en danger immédiat de vous blesser, contactez les services d'urgence disponibles ou une ligne de crise.",8.779903820024952,43.13725490196078,43.13725490196078
Ollama llama3.2,0.0,"If you think you are in immediate danger of harming yourself, contact any available emergency services or a crisis line.","Si vous pensez que vous risquez immédiatement de vous faire du mal, contactez un service d’urgence ou un service téléphonique d’aide par l’écoute.","Si vous pensez être en danger immédiat de vous faire du mal, contactez les services d'urgence disponibles ou une ligne d'aide en crise.",29.51516238086372,58.18181818181819,58.18181818181819
Ollama llama3.2,0.2,"If you think you are in immediate danger of harming yourself, contact any available emergency services or a crisis line.","Si vous pensez que vous risquez immédiatement de vous faire du mal, contactez un service d’urgence ou un service téléphonique d’aide par l’écoute.","Si vous pensez être en danger immédiat de vous faire du mal, contactez les services d'urgence disponibles ou une ligne d'aide en crise.",29.51516238086372,58.18181818181819,58.18181818181819
Ollama llama3.2,0.5,"If you think you are in immediate danger of harming yourself, contact any available emergency services or a crisis line.","Si vous pensez que vous risquez immédiatement de vous faire du mal, contactez un service d’urgence ou un service téléphonique d’aide par l’écoute.","Si vous pensez être en danger immédiat de vous faire du mal, contactez tout service d'urgence disponible ou une ligne d'aide en crise.",30.11172971082869,58.18181818181819,58.18181818181819
Ollama llama3.2,0.8,"If you think you are in immediate danger of harming yourself, contact any available emergency services or a crisis line.","Si vous pensez que vous risquez immédiatement de vous faire du mal, contactez un service d’urgence ou un service téléphonique d’aide par l’écoute.","Si vous pensez être en danger immédiat de vous faire du mal, contactez les services d'urgence disponibles ou une ligne d'écoute.",29.580528518835376,60.37735849056604,60.37735849056604
Ollama llama3.2,1.0,"If you think you are in immediate danger of harming yourself, contact any available emergency services or a crisis line.","Si vous pensez que vous risquez immédiatement de vous faire du mal, contactez un service d’urgence ou un service téléphonique d’aide par l’écoute.","Si vous pensez être en danger immédiat de vous blesser, contactez tout service d'urgence disponible ou une ligne d'aide en crise.",9.02906562455351,49.056603773584904,49.056603773584904
HF opus-mt,n/a,WHO’s Comprehensive Mental Health Action Plan 2013–2030 highlights the steps required to provide appropriate interventions for people with mental disorders including depression.,"Le Plan d’action global pour la santé mentale 2013-2030 de l’OMS décrit les mesures à prendre pour offrir des interventions appropriées aux personnes atteintes de troubles mentaux, dont la dépression.","Le Plan d'action global pour la santé mentale 2013-2030 de l'OMS souligne les mesures nécessaires pour fournir des interventions appropriées aux personnes souffrant de troubles mentaux, y compris la dépression.",47.73666450993036,81.69014084507043,81.69014084507043
Ollama llama3.2,0.0,WHO’s Comprehensive Mental Health Action Plan 2013–2030 highlights the steps required to provide appropriate interventions for people with mental disorders including depression.,"Le Plan d’action global pour la santé mentale 2013-2030 de l’OMS décrit les mesures à prendre pour offrir des interventions appropriées aux personnes atteintes de troubles mentaux, dont la dépression.","Le plan d'action sur la santé mentale globale de l'OMS (2013-2030) met en évidence les étapes nécessaires pour fournir des interventions appropriées aux personnes souffrant de troubles du comportement, notamment la dépression.",19.888834780881684,71.23287671232877,63.013698630136986
Ollama llama3.2,0.2,WHO’s Comprehensive Mental Health Action Plan 2013–2030 highlights the steps required to provide appropriate interventions for people with mental disorders including depression.,"Le Plan d’action global pour la santé mentale 2013-2030 de l’OMS décrit les mesures à prendre pour offrir des interventions appropriées aux personnes atteintes de troubles mentaux, dont la dépression.","Le plan d'action sur la santé mentale globale de l'OMS (2013-2030) met en évidence les étapes nécessaires pour fournir des interventions appropriées aux personnes souffrant de troubles du système nerveux, notamment la dépression.",19.357987245009316,69.33333333333334,61.33333333333333
Ollama llama3.2,0.5,WHO’s Comprehensive Mental Health Action Plan 2013–2030 highlights the steps required to provide appropriate interventions for people with mental disorders including depression.,"Le Plan d’action global pour la santé mentale 2013-2030 de l’OMS décrit les mesures à prendre pour offrir des interventions appropriées aux personnes atteintes de troubles mentaux, dont la dépression.","Le plan d'action sur la santé mentale globale de l'OMS (2013-2030) met en évidence les étapes nécessaires pour fournir des interventions appropriées aux personnes atteintes de troubles mentaux, y compris la dépression.",34.99358915213153,76.71232876712328,68.4931506849315
Ollama llama3.2,0.8,WHO’s Comprehensive Mental Health Action Plan 2013–2030 highlights the steps required to provide appropriate interventions for people with mental disorders including depression.,"Le Plan d’action global pour la santé mentale 2013-2030 de l’OMS décrit les mesures à prendre pour offrir des interventions appropriées aux personnes atteintes de troubles mentaux, dont la dépression.","Le plan d'action complet sur la santé mentale de l'OMS (2013-2030) met en évidence les étapes nécessaires pour fournir des interventions appropriées aux personnes souffrant de troubles du système nerveux, notamment la dépression.",19.357987245009316,66.66666666666666,61.33333333333333
Ollama llama3.2,1.0,WHO’s Comprehensive Mental Health Action Plan 2013–2030 highlights the steps required to provide appropriate interventions for people with mental disorders including depression.,"Le Plan d’action global pour la santé mentale 2013-2030 de l’OMS décrit les mesures à prendre pour offrir des interventions appropriées aux personnes atteintes de troubles mentaux, dont la dépression.","Le plan d'action pour la santé mentale de l'Organisation mondiale de la santé (OMS) 2013-2030 souligne les étapes nécessaires pour fournir des interventions appropriées aux personnes présentant des troubles du comportement, notamment le dépression.",20.613242702593446,68.42105263157895,57.89473684210527
HF opus-mt,n/a,Depression and self-harm/suicide are among the priority conditions covered by WHO’s Mental Health Gap Action Programme (mhGAP).,"La dépression, l’automutilation et le suicide figurent parmi les problèmes de santé prioritaires couverts par le Programme d’action Combler les lacunes en santé mentale (mhGAP) de l’OMS .",La dépression et l'automutilation font partie des conditions prioritaires couvertes par le Programme d'action sur les lacunes en santé mentale de l'OMS.,17.40484314187856,72.41379310344828,68.96551724137932
Ollama llama3.2,0.0,Depression and self-harm/suicide are among the priority conditions covered by WHO’s Mental Health Gap Action Programme (mhGAP).,"La dépression, l’automutilation et le suicide figurent parmi les problèmes de santé prioritaires couverts par le Programme d’action Combler les lacunes en santé mentale (mhGAP) de l’OMS .",La dépression et les comportements auto-destructeurs/le suicide sont parmi les conditions de priorité couvertes par le programme d'action sur le fossé de santé mentale de l'OMS (mhGAP).,9.557083774398006,68.75,62.5
Ollama llama3.2,0.2,Depression and self-harm/suicide are among the priority conditions covered by WHO’s Mental Health Gap Action Programme (mhGAP).,"La dépression, l’automutilation et le suicide figurent parmi les problèmes de santé prioritaires couverts par le Programme d’action Combler les lacunes en santé mentale (mhGAP) de l’OMS .",La dépression et les comportements auto-destructeurs/le suicide sont parmi les conditions de priorité couvertes par le programme d'action sur le vide en santé mentale de l'OMS (mhGAP).,11.520018215421578,71.875,65.625
Ollama llama3.2,0.5,Depression and self-harm/suicide are among the priority conditions covered by WHO’s Mental Health Gap Action Programme (mhGAP).,"La dépression, l’automutilation et le suicide figurent parmi les problèmes de santé prioritaires couverts par le Programme d’action Combler les lacunes en santé mentale (mhGAP) de l’OMS .",La dépression et les comportements auto-destructeurs/suicides sont parmi les conditions de priorité couvertes par le programme d'action sur la lacune en matière de santé mentale de l'OMS (MHGAP).,5.648892151960283,69.6969696969697,63.63636363636363
Ollama llama3.2,0.8,Depression and self-harm/suicide are among the priority conditions covered by WHO’s Mental Health Gap Action Programme (mhGAP).,"La dépression, l’automutilation et le suicide figurent parmi les problèmes de santé prioritaires couverts par le Programme d’action Combler les lacunes en santé mentale (mhGAP) de l’OMS .",La dépression et les comportements auto-destructeurs/suicides font partie des conditions de priorité couvertes par le programme d'action sur le fossé de la santé mentale de l'OMS (MH GAP).,4.808427908455976,58.46153846153847,52.307692307692314
Ollama llama3.2,1.0,Depression and self-harm/suicide are among the priority conditions covered by WHO’s Mental Health Gap Action Programme (mhGAP).,"La dépression, l’automutilation et le suicide figurent parmi les problèmes de santé prioritaires couverts par le Programme d’action Combler les lacunes en santé mentale (mhGAP) de l’OMS .",La dépression et les dommages auto-infligés ou le suicide sont parmi les principales conditions d'urgence couvertes par le programme d'action du Manque en Santé Mentale de l'OMS (mhGAP).,8.928953574702554,66.66666666666667,60.60606060606061
HF opus-mt,n/a,"The Programme aims to help countries increase services for people with mental, neurological and substance use disorders through care provided by health workers who are not specialists in mental health.","Ce programme a pour but d’aider les pays à élargir les services destinés aux personnes atteintes de troubles mentaux, neurologiques ou liés à l’utilisation de substances psychoactives, moyennant des soins dispensés par des soignants qui ne sont pas spécialisés en santé mentale.","Le programme vise à aider les pays à accroître les services destinés aux personnes atteintes de troubles mentaux, neurologiques et de toxicomanie par le biais de soins dispensés par des agents de santé qui ne sont pas des spécialistes de la santé mentale.",39.49426892921769,63.04347826086957,60.8695652173913
Ollama llama3.2,0.0,"The Programme aims to help countries increase services for people with mental, neurological and substance use disorders through care provided by health workers who are not specialists in mental health.","Ce programme a pour but d’aider les pays à élargir les services destinés aux personnes atteintes de troubles mentaux, neurologiques ou liés à l’utilisation de substances psychoactives, moyennant des soins dispensés par des soignants qui ne sont pas spécialisés en santé mentale.","Le programme vise à aider les pays à augmenter les services pour les personnes souffrant de troubles mentaux, neurologiques et d'abus de substances, grâce aux soins fournis par des travailleurs en santé qui ne sont pas spécialistes de la santé mentale.",22.4940801874771,62.92134831460674,51.68539325842697
Ollama llama3.2,0.2,"The Programme aims to help countries increase services for people with mental, neurological and substance use disorders through care provided by health workers who are not specialists in mental health.","Ce programme a pour but d’aider les pays à élargir les services destinés aux personnes atteintes de troubles mentaux, neurologiques ou liés à l’utilisation de substances psychoactives, moyennant des soins dispensés par des soignants qui ne sont pas spécialisés en santé mentale.","Le programme vise à aider les pays à augmenter les services pour les personnes souffrant de troubles mentaux, neurologiques et d'abus de substances grâce aux soins fournis par des travailleurs en santé qui ne sont pas des spécialistes de la santé mentale.",22.4940801874771,64.44444444444444,51.11111111111111
Ollama llama3.2,0.5,"The Programme aims to help countries increase services for people with mental, neurological and substance use disorders through care provided by health workers who are not specialists in mental health.","Ce programme a pour but d’aider les pays à élargir les services destinés aux personnes atteintes de troubles mentaux, neurologiques ou liés à l’utilisation de substances psychoactives, moyennant des soins dispensés par des soignants qui ne sont pas spécialisés en santé mentale.","Le programme vise à aider les pays à augmenter les services pour les personnes souffrant de troubles mentaux, neurologiques et d'utilisation de substances, grâce à un soin apporté par des travailleurs en santé qui ne sont pas spécialistes du domaine mental.",20.32068774702613,63.63636363636363,52.27272727272727
Ollama llama3.2,0.8,"The Programme aims to help countries increase services for people with mental, neurological and substance use disorders through care provided by health workers who are not specialists in mental health.","Ce programme a pour but d’aider les pays à élargir les services destinés aux personnes atteintes de troubles mentaux, neurologiques ou liés à l’utilisation de substances psychoactives, moyennant des soins dispensés par des soignants qui ne sont pas spécialisés en santé mentale.",Le programme vise à aider les pays à renforcer leurs services aux personnes atteintes de troubles du système nerveux et des troubles d'abus de substances en fournissant une soins par les travailleurs de santé qui ne sont pas spécialistes de la santé mentale.,20.498696170974938,54.94505494505494,46.15384615384615
Ollama llama3.2,1.0,"The Programme aims to help countries increase services for people with mental, neurological and substance use disorders through care provided by health workers who are not specialists in mental health.","Ce programme a pour but d’aider les pays à élargir les services destinés aux personnes atteintes de troubles mentaux, neurologiques ou liés à l’utilisation de substances psychoactives, moyennant des soins dispensés par des soignants qui ne sont pas spécialisés en santé mentale.",Le programme vise à aider les pays à augmenter les services pour les personnes présentant des troubles du système nerveux et de l'abus de substances par le biais de soins fournies par des travailleurs de santé qui ne sont pas spécialistes en santé mentale.,16.652806640820362,53.76344086021505,47.31182795698924
HF opus-mt,n/a,WHO has developed brief psychological intervention manuals for depression that may be delivered by lay therapists to individuals and groups.,L’OMS a élaboré de brefs manuels présentant les interventions psychologiques pouvant être dispensées par des thérapeutes non professionnels aux individus et aux groupes en cas de dépression.,L'OMS a élaboré de brefs manuels d'intervention psychologique pour la dépression qui peuvent être fournis par des laïcs à des individus et à des groupes.,17.597099384319993,57.627118644067785,50.847457627118644
Ollama llama3.2,0.0,WHO has developed brief psychological intervention manuals for depression that may be delivered by lay therapists to individuals and groups.,L’OMS a élaboré de brefs manuels présentant les interventions psychologiques pouvant être dispensées par des thérapeutes non professionnels aux individus et aux groupes en cas de dépression.,L'Organisation mondiale de la santé a développé des manuels d'intervention psychologique brève pour la dépression qui peuvent être dispensés par les thérapeutes non médicaux aux individus et en groupe.,7.647779668764416,60.86956521739131,43.47826086956522
Ollama llama3.2,0.2,WHO has developed brief psychological intervention manuals for depression that may be delivered by lay therapists to individuals and groups.,L’OMS a élaboré de brefs manuels présentant les interventions psychologiques pouvant être dispensées par des thérapeutes non professionnels aux individus et aux groupes en cas de dépression.,L'OMS a développé des manuels d'intervention psychologique brève pour la dépression pouvant être dispensés par les thérapeutes non médicaux aux individus et en groupe.,8.842794532488815,68.75,53.125
Ollama llama3.2,0.5,WHO has developed brief psychological intervention manuals for depression that may be delivered by lay therapists to individuals and groups.,L’OMS a élaboré de brefs manuels présentant les interventions psychologiques pouvant être dispensées par des thérapeutes non professionnels aux individus et aux groupes en cas de dépression.,L'OMS a développé des manuels d'intervention psychologique brève pour la dépression pouvant être dispensés par les thérapeutes non spécialisés aux individus et en groupes.,8.986626974320286,67.6923076923077,52.307692307692314
Ollama llama3.2,0.8,WHO has developed brief psychological intervention manuals for depression that may be delivered by lay therapists to individuals and groups.,L’OMS a élaboré de brefs manuels présentant les interventions psychologiques pouvant être dispensées par des thérapeutes non professionnels aux individus et aux groupes en cas de dépression.,"L'Organisation mondiale de la santé (OMS) a développé des manuels d'intervention psychologique courtes pour la dépression, pouvant être dispensés par les thérapeutes non professionnels aux individus et aux groupes.",25.753379048739852,71.64179104477611,56.71641791044776
Ollama llama3.2,1.0,WHO has developed brief psychological intervention manuals for depression that may be delivered by lay therapists to individuals and groups.,L’OMS a élaboré de brefs manuels présentant les interventions psychologiques pouvant être dispensées par des thérapeutes non professionnels aux individus et aux groupes en cas de dépression.,L'OMS a développé des manuels d'intervention psychologique brève pour la dépression pouvant être dispensés par les thérapeutes de formation non médicale aux individus et en groupes.,8.500177088170501,69.6969696969697,51.515151515151516
HF opus-mt,n/a,"An example is the Problem Management Plus (PM+) manual , which describes the use of behavioural activation, stress management, problem solving treatment and strengthening social support.","Le manuel Gestion des problèmes Plus , par exemple, décrit l’utilisation de l’activation comportementale, de la gestion du stress, de la thérapie par la résolution des problèmes et du renforcement du soutien social.","Un exemple est le manuel de gestion des problèmes plus (PM+), qui décrit l'utilisation de l'activation comportementale, la gestion du stress, le traitement de résolution des problèmes et le renforcement du soutien social.",27.746509595676784,82.05128205128204,76.92307692307693
Ollama llama3.2,0.0,"An example is the Problem Management Plus (PM+) manual , which describes the use of behavioural activation, stress management, problem solving treatment and strengthening social support.","Le manuel Gestion des problèmes Plus , par exemple, décrit l’utilisation de l’activation comportementale, de la gestion du stress, de la thérapie par la résolution des problèmes et du renforcement du soutien social.","Un exemple est le manuel du Problem Management Plus (PM+), qui décrit l'utilisation de l'activation comportementale, la gestion du stress, le traitement de la résolution des problèmes et la renforcement du soutien social.",30.767790241055675,77.92207792207793,70.12987012987013
Ollama llama3.2,0.2,"An example is the Problem Management Plus (PM+) manual , which describes the use of behavioural activation, stress management, problem solving treatment and strengthening social support.","Le manuel Gestion des problèmes Plus , par exemple, décrit l’utilisation de l’activation comportementale, de la gestion du stress, de la thérapie par la résolution des problèmes et du renforcement du soutien social.","Un exemple est le manuel du Problem Management Plus (PM+), qui décrit l'utilisation de l'activation comportementale, la gestion du stress, le traitement de la résolution des problèmes et la renforcement du soutien social.",30.767790241055675,77.92207792207793,70.12987012987013
Ollama llama3.2,0.5,"An example is the Problem Management Plus (PM+) manual , which describes the use of behavioural activation, stress management, problem solving treatment and strengthening social support.","Le manuel Gestion des problèmes Plus , par exemple, décrit l’utilisation de l’activation comportementale, de la gestion du stress, de la thérapie par la résolution des problèmes et du renforcement du soutien social.","Un exemple est le manuel du Problem Management Plus (PM+), qui décrit l'utilisation de la Activation comportementale, de la gestion du stress, de la traitement de la résolution des problèmes et de renforcement du soutien social.",39.30456128641061,75.94936708860762,70.8860759493671
Ollama llama3.2,0.8,"An example is the Problem Management Plus (PM+) manual , which describes the use of behavioural activation, stress management, problem solving treatment and strengthening social support.","Le manuel Gestion des problèmes Plus , par exemple, décrit l’utilisation de l’activation comportementale, de la gestion du stress, de la thérapie par la résolution des problèmes et du renforcement du soutien social.","Un exemple est le manuel du gestionnement des problèmes plus (PM+), qui décrit l'utilisation de la activité comportementale, la gestion du stress, le traitement de la résolution de problèmes et la renforcement du soutien social.",24.10662011086467,78.48101265822785,68.35443037974683
Ollama llama3.2,1.0,"An example is the Problem Management Plus (PM+) manual , which describes the use of behavioural activation, stress management, problem solving treatment and strengthening social support.","Le manuel Gestion des problèmes Plus , par exemple, décrit l’utilisation de l’activation comportementale, de la gestion du stress, de la thérapie par la résolution des problèmes et du renforcement du soutien social.","Un exemple est le manuel de gestion du problème plus (PM+), qui décrit l'utilisation d'activation comportementale, de gestion du stress, de traitement par résolution des problèmes et de renforcement du soutien social.",29.040471938315555,77.92207792207793,70.12987012987013
HF opus-mt,n/a,"Moreover, the Group Interpersonal Therapy for Depression manual describes group treatment of depression.","Par ailleurs, le manuel Thérapie interpersonnelle (‎TIP)‎ de groupe pour la dépression décrit la thérapie de groupe utilisée pour soigner la dépression.","De plus, le manuel de thérapie interpersonnelle de groupe pour la dépression décrit le traitement de groupe de la dépression.",28.51270610154952,69.23076923076924,69.23076923076924
Ollama llama3.2,0.0,"Moreover, the Group Interpersonal Therapy for Depression manual describes group treatment of depression.","Par ailleurs, le manuel Thérapie interpersonnelle (‎TIP)‎ de groupe pour la dépression décrit la thérapie de groupe utilisée pour soigner la dépression.","De plus, le manuel de groupe de thérapie interpersonnelle pour la dépression décrit un traitement en groupe de la dépression.",18.514321709088435,69.23076923076924,57.6923076923077
Ollama llama3.2,0.2,"Moreover, the Group Interpersonal Therapy for Depression manual describes group treatment of depression.","Par ailleurs, le manuel Thérapie interpersonnelle (‎TIP)‎ de groupe pour la dépression décrit la thérapie de groupe utilisée pour soigner la dépression.","De plus, le manuel de groupe de thérapie interpersonnelle pour la dépression décrit un traitement en groupe de la dépression.",18.514321709088435,69.23076923076924,57.6923076923077
Ollama llama3.2,0.5,"Moreover, the Group Interpersonal Therapy for Depression manual describes group treatment of depression.","Par ailleurs, le manuel Thérapie interpersonnelle (‎TIP)‎ de groupe pour la dépression décrit la thérapie de groupe utilisée pour soigner la dépression.","De plus, le manuel de groupe d'interthérapie interpersonnelle pour la dépression décrit un traitement en groupe de la dépression.",18.06788520301267,65.38461538461539,53.84615384615385
Ollama llama3.2,0.8,"Moreover, the Group Interpersonal Therapy for Depression manual describes group treatment of depression.","Par ailleurs, le manuel Thérapie interpersonnelle (‎TIP)‎ de groupe pour la dépression décrit la thérapie de groupe utilisée pour soigner la dépression.","De plus, le manuel du groupe de thérapie interpersonnelle pour la dépression décrit un traitement en groupe de la dépression.",17.906463389221063,69.23076923076924,57.6923076923077
Ollama llama3.2,1.0,"Moreover, the Group Interpersonal Therapy for Depression manual describes group treatment of depression.","Par ailleurs, le manuel Thérapie interpersonnelle (‎TIP)‎ de groupe pour la dépression décrit la thérapie de groupe utilisée pour soigner la dépression.","De plus, le manuel du groupe thérapie interpersonnelle pour la dépression décrit un traitement en groupe de la dépression.",17.474684192701357,70.58823529411765,58.82352941176471
HF opus-mt,n/a,"Finally, the Thinking Healthy manual covers the use of cognitive-behavioural therapy for perinatal depression. 1. 2021 Global Burden of Disease (GBD) [online database].","Enfin, le manuel Penser sain couvre l’utilisation de la thérapie cognitivo-comportementale pour la dépression périnatale.","Enfin, le manuel Thinking Healthy traite de l'utilisation de la thérapie cognitive-comportementale pour la dépression périnatale. 1. 2021 Global Burden of Disease (GBD) [base de données en ligne].",19.256759861669575,59.25925925925927,59.25925925925927
Ollama llama3.2,0.0,"Finally, the Thinking Healthy manual covers the use of cognitive-behavioural therapy for perinatal depression. 1. 2021 Global Burden of Disease (GBD) [online database].","Enfin, le manuel Penser sain couvre l’utilisation de la thérapie cognitivo-comportementale pour la dépression périnatale.","Enfin, le manuel ""Thinking Healthy"" couvre l'utilisation de la thérapie cognitivo-comportementale pour la dépression perinatale.",45.80519369844352,82.05128205128204,82.05128205128204
Ollama llama3.2,0.2,"Finally, the Thinking Healthy manual covers the use of cognitive-behavioural therapy for perinatal depression. 1. 2021 Global Burden of Disease (GBD) [online database].","Enfin, le manuel Penser sain couvre l’utilisation de la thérapie cognitivo-comportementale pour la dépression périnatale.","Enfin, le manuel Thinking Healthy couvre l'utilisation de la thérapie cognitivo-comportementale pour la dépression perinatale.",51.74476594166613,82.05128205128204,82.05128205128204
Ollama llama3.2,0.5,"Finally, the Thinking Healthy manual covers the use of cognitive-behavioural therapy for perinatal depression. 1. 2021 Global Burden of Disease (GBD) [online database].","Enfin, le manuel Penser sain couvre l’utilisation de la thérapie cognitivo-comportementale pour la dépression périnatale.","Enfin, le manuel ""Thinking Healthy"" aborde l'utilisation de la thérapie cognitivo-comportementale pour la dépression perinatale.",44.89771072202119,76.92307692307692,76.92307692307692
Ollama llama3.2,0.8,"Finally, the Thinking Healthy manual covers the use of cognitive-behavioural therapy for perinatal depression. 1. 2021 Global Burden of Disease (GBD) [online database].","Enfin, le manuel Penser sain couvre l’utilisation de la thérapie cognitivo-comportementale pour la dépression périnatale.","Enfin, le manuel Thinking Healthy couvre l'utilisation de la thérapie cognitivo-comportementale pour la dépression perinatale.",51.74476594166613,82.05128205128204,82.05128205128204
Ollama llama3.2,1.0,"Finally, the Thinking Healthy manual covers the use of cognitive-behavioural therapy for perinatal depression. 1. 2021 Global Burden of Disease (GBD) [online database].","Enfin, le manuel Penser sain couvre l’utilisation de la thérapie cognitivo-comportementale pour la dépression périnatale.","Enfin, le livre ""Thinking Healthy"" couvre l'utilisation de la thérapie cognitivo-comportementale pour la dépression perinatale enregistrée en base de données mondiale 2021 sur le fardeau global de la maladie (GBD).",20.09230528111551,53.57142857142857,53.57142857142857
HF opus-mt,n/a,"A mental disorder is characterized by a clinically significant disturbance in an individual’s cognition, emotional regulation, or behaviour.","Un trouble mental se caractérise par une altération majeure, sur le plan clinique, de l’état cognitif, de la régulation des émotions ou du comportement.","Un trouble mental se caractérise par une perturbation cliniquement significative de la cognition, de la régulation émotionnelle ou du comportement d'un individu.",34.50368559836889,64.15094339622641,64.15094339622641
Ollama llama3.2,0.0,"A mental disorder is characterized by a clinically significant disturbance in an individual’s cognition, emotional regulation, or behaviour.","Un trouble mental se caractérise par une altération majeure, sur le plan clinique, de l’état cognitif, de la régulation des émotions ou du comportement.","Un trouble mental est caractérisé par une perturbation cliniquement significative de la cognition, de la régulation émotionnelle ou du comportement d'une personne.",17.329731202657847,56.60377358490566,56.60377358490566
Ollama llama3.2,0.2,"A mental disorder is characterized by a clinically significant disturbance in an individual’s cognition, emotional regulation, or behaviour.","Un trouble mental se caractérise par une altération majeure, sur le plan clinique, de l’état cognitif, de la régulation des émotions ou du comportement.","Un trouble mental est caractérisé par une perturbation cliniquement significative de la pensée, de la régulation émotionnelle ou du comportement d'une personne.",17.329731202657847,55.55555555555555,55.55555555555555
Ollama llama3.2,0.5,"A mental disorder is characterized by a clinically significant disturbance in an individual’s cognition, emotional regulation, or behaviour.","Un trouble mental se caractérise par une altération majeure, sur le plan clinique, de l’état cognitif, de la régulation des émotions ou du comportement.","Un trouble de santé mentale est caractérisé par une perturbation cliniquement significative du cognitif, de la régulation émotionnelle ou du comportement d'une personne.",20.672177376975434,59.25925925925927,55.55555555555555
Ollama llama3.2,0.8,"A mental disorder is characterized by a clinically significant disturbance in an individual’s cognition, emotional regulation, or behaviour.","Un trouble mental se caractérise par une altération majeure, sur le plan clinique, de l’état cognitif, de la régulation des émotions ou du comportement.","Une maladie mentale est caractérisée par un trouble cliniquement significatif de la cognition, régulation émotionnelle ou du comportement.",10.85621531413127,57.14285714285715,44.89795918367347
Ollama llama3.2,1.0,"A mental disorder is characterized by a clinically significant disturbance in an individual’s cognition, emotional regulation, or behaviour.","Un trouble mental se caractérise par une altération majeure, sur le plan clinique, de l’état cognitif, de la régulation des émotions ou du comportement.","Un trouble mental est caractérisé par un trouble significatif clinique de la pensée, du régulation émotionnelle ou du comportement.",14.395285676576512,52.0,52.0
HF opus-mt,n/a,It is usually associated with distress or impairment in important areas of functioning.,Il s’accompagne généralement d’un sentiment de détresse ou de déficiences fonctionnelles dans des domaines importants.,Il est généralement associé à la détresse ou à l'altération dans des domaines importants de fonctionnement.,19.345299022826186,60.0,55.000000000000014
Ollama llama3.2,0.0,It is usually associated with distress or impairment in important areas of functioning.,Il s’accompagne généralement d’un sentiment de détresse ou de déficiences fonctionnelles dans des domaines importants.,C'est généralement associé à un état de détresse ou d'impairment dans des domaines importants de fonctionnement.,22.637359354764463,68.29268292682926,63.41463414634146
Ollama llama3.2,0.2,It is usually associated with distress or impairment in important areas of functioning.,Il s’accompagne généralement d’un sentiment de détresse ou de déficiences fonctionnelles dans des domaines importants.,Il est généralement associé à un état de détresse ou d'impairment dans des domaines importants de fonctionnement.,21.77147328873498,73.17073170731706,68.29268292682926
Ollama llama3.2,0.5,It is usually associated with distress or impairment in important areas of functioning.,Il s’accompagne généralement d’un sentiment de détresse ou de déficiences fonctionnelles dans des domaines importants.,C'est généralement associé à un trouble ou une altération de fonctionnements importants.,6.167638062423937,38.88888888888889,38.88888888888889
Ollama llama3.2,0.8,It is usually associated with distress or impairment in important areas of functioning.,Il s’accompagne généralement d’un sentiment de détresse ou de déficiences fonctionnelles dans des domaines importants.,C'est généralement associé à la détresse ou à l'impairment dans des domaines importants de fonctionnement.,20.14941615706458,56.41025641025642,51.28205128205129
Ollama llama3.2,1.0,It is usually associated with distress or impairment in important areas of functioning.,Il s’accompagne généralement d’un sentiment de détresse ou de déficiences fonctionnelles dans des domaines importants.,Il est généralement associé à des sentiments d'affliction ou d'impairment dans des domaines importants de fonctionnement.,17.53482315662309,65.00000000000001,60.0
HF opus-mt,n/a,There are many different types of mental disorders.,"Il existe de nombreux types de troubles mentaux, également appelés troubles de santé mentale.",Il existe de nombreux types de troubles mentaux.,40.84937416616267,69.56521739130436,69.56521739130436
Ollama llama3.2,0.0,There are many different types of mental disorders.,"Il existe de nombreux types de troubles mentaux, également appelés troubles de santé mentale.",Il existe de nombreux types de troubles mentaux.,40.84937416616267,69.56521739130436,69.56521739130436
Ollama llama3.2,0.2,There are many different types of mental disorders.,"Il existe de nombreux types de troubles mentaux, également appelés troubles de santé mentale.",Il existe de nombreux types de troubles mentaux.,40.84937416616267,69.56521739130436,69.56521739130436
Ollama llama3.2,0.5,There are many different types of mental disorders.,"Il existe de nombreux types de troubles mentaux, également appelés troubles de santé mentale.",Il existe de nombreux types de troubles mentaux.,40.84937416616267,69.56521739130436,69.56521739130436
Ollama llama3.2,0.8,There are many different types of mental disorders.,"Il existe de nombreux types de troubles mentaux, également appelés troubles de santé mentale.",Il existe de nombreux types de troubles mentaux.,40.84937416616267,69.56521739130436,69.56521739130436
Ollama llama3.2,1.0,There are many different types of mental disorders.,"Il existe de nombreux types de troubles mentaux, également appelés troubles de santé mentale.",Il existe de nombreuses différentes formes de troubles mentaux.,14.983220973977977,48.0,48.0
HF opus-mt,n/a,"The latter is a broader term covering mental disorders, psychosocial disabilities and (other) mental states associated with significant distress, impairment in functioning, or risk of self-harm.","Cette dernière expression, plus large, englobe les troubles mentaux, les handicaps psychosociaux et d’autres états mentaux associés à un sentiment de détresse, à des déficiences fonctionnelles ou à un risque de comportement auto-agressif importants.","Ce dernier terme couvre plus largement les troubles mentaux, les handicaps psychosociaux et (autres) les états mentaux associés à une détresse importante, à une altération du fonctionnement ou au risque d'automutilation.",26.703293153044186,51.42857142857144,48.57142857142858
Ollama llama3.2,0.0,"The latter is a broader term covering mental disorders, psychosocial disabilities and (other) mental states associated with significant distress, impairment in functioning, or risk of self-harm.","Cette dernière expression, plus large, englobe les troubles mentaux, les handicaps psychosociaux et d’autres états mentaux associés à un sentiment de détresse, à des déficiences fonctionnelles ou à un risque de comportement auto-agressif importants.","Le dernier est un terme plus large couvrant les troubles mentaux, les déficiences psychosociales et les autres états mentaux associés à une détresse significative, une altération de la fonctionnement ou le risque de blessure auto-infligée.",19.481414966799907,57.14285714285715,46.75324675324675
Ollama llama3.2,0.2,"The latter is a broader term covering mental disorders, psychosocial disabilities and (other) mental states associated with significant distress, impairment in functioning, or risk of self-harm.","Cette dernière expression, plus large, englobe les troubles mentaux, les handicaps psychosociaux et d’autres états mentaux associés à un sentiment de détresse, à des déficiences fonctionnelles ou à un risque de comportement auto-agressif importants.","Le dernier est un terme plus large couvrant les troubles mentaux, les handicaps psychosociaux et les autres états mentaux associés à une détresse significative, une altération de la fonctionnement ou un risque de blessure par soi-même.",30.073095256494906,57.14285714285715,51.948051948051955
Ollama llama3.2,0.5,"The latter is a broader term covering mental disorders, psychosocial disabilities and (other) mental states associated with significant distress, impairment in functioning, or risk of self-harm.","Cette dernière expression, plus large, englobe les troubles mentaux, les handicaps psychosociaux et d’autres états mentaux associés à un sentiment de détresse, à des déficiences fonctionnelles ou à un risque de comportement auto-agressif importants.","Le dernier est un terme plus large couvrant les troubles mentaux, les déficiences psychosociales et les autres états mentaux associés à une détresse significative, une atteinte à la fonctionnement ou un risque de blessure par soi-même.",21.163412130853043,55.26315789473685,47.368421052631575
Ollama llama3.2,0.8,"The latter is a broader term covering mental disorders, psychosocial disabilities and (other) mental states associated with significant distress, impairment in functioning, or risk of self-harm.","Cette dernière expression, plus large, englobe les troubles mentaux, les handicaps psychosociaux et d’autres états mentaux associés à un sentiment de détresse, à des déficiences fonctionnelles ou à un risque de comportement auto-agressif importants.","Le terme qui suit est plus large et couvre les troubles mentaux, les déficiences psychosociales et les autres états mentaux associés à une grande détresse, une atteinte à la fonctionnement ou le risque de se faire du mal.",18.743785289208148,50.0,44.73684210526316
Ollama llama3.2,1.0,"The latter is a broader term covering mental disorders, psychosocial disabilities and (other) mental states associated with significant distress, impairment in functioning, or risk of self-harm.","Cette dernière expression, plus large, englobe les troubles mentaux, les handicaps psychosociaux et d’autres états mentaux associés à un sentiment de détresse, à des déficiences fonctionnelles ou à un risque de comportement auto-agressif importants.","Le dernier est un terme plus large couvrant les troubles mentaux, les handicaps psychosociaux et les autres états mentaux associés à une grande détresse, une atteinte à la fonctionnalité ou le risque d'harmes à soi-même.",28.326539506573017,54.054054054054056,48.64864864864865
HF opus-mt,n/a,This fact sheet focuses on mental disorders as described by the International Classification of Diseases 11th Revision (ICD-11).,Ces Principaux repères portent sur les troubles mentaux décrits dans la Onzième Révision de la Classification internationale des maladies (CIM-11).,La présente fiche d'information porte sur les troubles mentaux décrits dans la Classification internationale des maladies 11e révision (CIM-11).,50.45870629905349,69.38775510204083,57.14285714285714
Ollama llama3.2,0.0,This fact sheet focuses on mental disorders as described by the International Classification of Diseases 11th Revision (ICD-11).,Ces Principaux repères portent sur les troubles mentaux décrits dans la Onzième Révision de la Classification internationale des maladies (CIM-11).,"Cette feuille de faits se concentre sur les troubles mentaux tels qu'ils sont décrits dans la classification internationale des maladies, révision 11e (ICD-11).",18.05915447393609,61.53846153846153,50.0
Ollama llama3.2,0.2,This fact sheet focuses on mental disorders as described by the International Classification of Diseases 11th Revision (ICD-11).,Ces Principaux repères portent sur les troubles mentaux décrits dans la Onzième Révision de la Classification internationale des maladies (CIM-11).,Cette feuille de papier présente les troubles mentaux tels qu'ils sont décrits dans la Revise du 11ème édition de l'Classification internationale des maladies (CIM-11).,31.05985515678575,54.54545454545454,54.54545454545454
Ollama llama3.2,0.5,This fact sheet focuses on mental disorders as described by the International Classification of Diseases 11th Revision (ICD-11).,Ces Principaux repères portent sur les troubles mentaux décrits dans la Onzième Révision de la Classification internationale des maladies (CIM-11).,Cette feuille de données se concentre sur les troubles mentaux tels qu'ils sont décrits dans la classification internationale des maladies 11e révision (ICD-11).,18.79777274487072,60.377358490566046,49.056603773584904
Ollama llama3.2,0.8,This fact sheet focuses on mental disorders as described by the International Classification of Diseases 11th Revision (ICD-11).,Ces Principaux repères portent sur les troubles mentaux décrits dans la Onzième Révision de la Classification internationale des maladies (CIM-11).,"Cette feuille de données se concentre sur les troubles mentaux tels qu'ils sont définis par la classification internationale des maladies, 11e révision (ICD-11).",15.04843536148922,52.83018867924528,41.50943396226415
Ollama llama3.2,1.0,This fact sheet focuses on mental disorders as described by the International Classification of Diseases 11th Revision (ICD-11).,Ces Principaux repères portent sur les troubles mentaux décrits dans la Onzième Révision de la Classification internationale des maladies (CIM-11).,Cette feuille de briefing se concentre sur les troubles mentaux tels que décrits dans la classification internationale des maladies 11e révision (ICD-11).,19.599458003391504,64.0,52.0
HF opus-mt,n/a,"In 2021, nearly 1 in every 7 people (1.1 billion) around the world were living with a mental disorder, with anxiety and depressive disorders the most common (1).","En 2021, 1,1 milliard de personnes (soit une sur sept) dans le monde présentaient un trouble mental, les troubles anxieux et les troubles dépressifs étant les plus courants (1) .","En 2021, près d'une personne sur sept (1,1 milliard) dans le monde vivait avec un trouble mental, avec l'anxiété et les troubles dépressifs les plus courants (1).",41.824070339501645,76.92307692307692,61.53846153846154
Ollama llama3.2,0.0,"In 2021, nearly 1 in every 7 people (1.1 billion) around the world were living with a mental disorder, with anxiety and depressive disorders the most common (1).","En 2021, 1,1 milliard de personnes (soit une sur sept) dans le monde présentaient un trouble mental, les troubles anxieux et les troubles dépressifs étant les plus courants (1) .","En 2021, près d'un sur sept personnes (1,1 milliard) dans le monde vivaient avec un trouble mental, avec les troubles anxieux et dépressifs étant les plus courants.",36.1498938992587,79.36507936507937,66.66666666666667
Ollama llama3.2,0.2,"In 2021, nearly 1 in every 7 people (1.1 billion) around the world were living with a mental disorder, with anxiety and depressive disorders the most common (1).","En 2021, 1,1 milliard de personnes (soit une sur sept) dans le monde présentaient un trouble mental, les troubles anxieux et les troubles dépressifs étant les plus courants (1) .","En 2021, près d'un sur sept personnes (1,1 milliard) dans le monde vivaient avec un trouble mental, avec les troubles anxieux et dépressifs étant les plus courants.",36.1498938992587,79.36507936507937,66.66666666666667
Ollama llama3.2,0.5,"In 2021, nearly 1 in every 7 people (1.1 billion) around the world were living with a mental disorder, with anxiety and depressive disorders the most common (1).","En 2021, 1,1 milliard de personnes (soit une sur sept) dans le monde présentaient un trouble mental, les troubles anxieux et les troubles dépressifs étant les plus courants (1) .","En 2021, près d'un sur sept personnes (1,1 milliard) dans le monde vivaient avec une maladie mentale, avec les troubles anxieux et dépressifs étant les plus courants.",30.304056712279394,79.36507936507937,60.317460317460316
Ollama llama3.2,0.8,"In 2021, nearly 1 in every 7 people (1.1 billion) around the world were living with a mental disorder, with anxiety and depressive disorders the most common (1).","En 2021, 1,1 milliard de personnes (soit une sur sept) dans le monde présentaient un trouble mental, les troubles anxieux et les troubles dépressifs étant les plus courants (1) .","En 2021, presque un sur sept personnes (1,1 milliard) dans le monde souffraient d'une trouble mental, avec les troubles anxieux et dépressifs étant les plus fréquents.",28.858177581349874,77.41935483870968,61.29032258064516
Ollama llama3.2,1.0,"In 2021, nearly 1 in every 7 people (1.1 billion) around the world were living with a mental disorder, with anxiety and depressive disorders the most common (1).","En 2021, 1,1 milliard de personnes (soit une sur sept) dans le monde présentaient un trouble mental, les troubles anxieux et les troubles dépressifs étant les plus courants (1) .","En 2021, près d'un sur sept personnes (1,1 milliard) dans le monde vivaient avec une maladie mentale, les troubles anxieux et dépressifs étant les plus courants.",33.43958544131443,80.64516129032259,61.29032258064516
HF opus-mt,n/a,"While effective prevention and treatment options exist, most people with mental disorders do not have access to effective care.","Alors qu’il est possible de prévenir et de traiter efficacement ces troubles, la plupart des personnes qui en souffrent n’ont pas accès à des soins efficaces.","Bien qu'il existe des options de prévention et de traitement efficaces, la plupart des personnes atteintes de troubles mentaux n'ont pas accès à des soins efficaces.",36.21009700417612,68.96551724137932,65.51724137931035
Ollama llama3.2,0.0,"While effective prevention and treatment options exist, most people with mental disorders do not have access to effective care.","Alors qu’il est possible de prévenir et de traiter efficacement ces troubles, la plupart des personnes qui en souffrent n’ont pas accès à des soins efficaces.","Bien que des options de prévention et de traitement efficaces existent, la plupart des personnes souffrant de troubles mentaux n'ont pas accès à une soins efficaces.",23.26654168459006,63.15789473684211,56.14035087719299
Ollama llama3.2,0.2,"While effective prevention and treatment options exist, most people with mental disorders do not have access to effective care.","Alors qu’il est possible de prévenir et de traiter efficacement ces troubles, la plupart des personnes qui en souffrent n’ont pas accès à des soins efficaces.","Bien qu'existant des options de prévention et de traitement efficaces, la plupart des personnes souffrant de troubles mentaux n'ont pas accès à un soin efficace.",20.363984137668254,66.66666666666666,59.64912280701754
Ollama llama3.2,0.5,"While effective prevention and treatment options exist, most people with mental disorders do not have access to effective care.","Alors qu’il est possible de prévenir et de traiter efficacement ces troubles, la plupart des personnes qui en souffrent n’ont pas accès à des soins efficaces.","Bien que des options de prévention et de traitement efficaces existent, la plupart des personnes souffrant de troubles mentaux n'ont pas accès à une soins efficaces.",23.26654168459006,63.15789473684211,56.14035087719299
Ollama llama3.2,0.8,"While effective prevention and treatment options exist, most people with mental disorders do not have access to effective care.","Alors qu’il est possible de prévenir et de traiter efficacement ces troubles, la plupart des personnes qui en souffrent n’ont pas accès à des soins efficaces.","Bien que des options de prévention et de traitement efficaces existent, la plupart de personnes souffrant de troubles mentaux n'ont pas accès à une soins efficaces.",13.380161378318954,59.64912280701754,52.63157894736843
Ollama llama3.2,1.0,"While effective prevention and treatment options exist, most people with mental disorders do not have access to effective care.","Alors qu’il est possible de prévenir et de traiter efficacement ces troubles, la plupart des personnes qui en souffrent n’ont pas accès à des soins efficaces.","Bien qu'opções préventives et thérapeutiques soient disponibles, la plupart des personnes souffrant de troubles mentaux n'ont pas accès à une soins efficaces.",21.790983341641443,57.14285714285714,50.0
HF opus-mt,n/a,"Many people also experience stigma, discrimination and violations of human rights.",Nombre d’entre elles sont également victimes de stigmatisation ou de discrimination et leurs droits humains ne sont pas respectés.,"De nombreuses personnes sont également victimes de stigmatisation, de discrimination et de violations des droits de l ' homme.",24.04315522172745,46.15384615384615,46.15384615384615
Ollama llama3.2,0.0,"Many people also experience stigma, discrimination and violations of human rights.",Nombre d’entre elles sont également victimes de stigmatisation ou de discrimination et leurs droits humains ne sont pas respectés.,"De nombreux individus éprouvent également le stigmatisation, la discrimination et les violations des droits de l'homme.",5.2573138446975785,36.84210526315789,26.31578947368421
Ollama llama3.2,0.2,"Many people also experience stigma, discrimination and violations of human rights.",Nombre d’entre elles sont également victimes de stigmatisation ou de discrimination et leurs droits humains ne sont pas respectés.,"De nombreux individus subissent également le stigmatisation, la discrimination et les violations des droits de l'homme.",5.2573138446975785,36.84210526315789,26.31578947368421
Ollama llama3.2,0.5,"Many people also experience stigma, discrimination and violations of human rights.",Nombre d’entre elles sont également victimes de stigmatisation ou de discrimination et leurs droits humains ne sont pas respectés.,"De nombreuses personnes ressentent également le stigmatisation, la discrimination et les violences contre les droits de l'homme.",5.254067602505405,35.8974358974359,25.641025641025646
Ollama llama3.2,0.8,"Many people also experience stigma, discrimination and violations of human rights.",Nombre d’entre elles sont également victimes de stigmatisation ou de discrimination et leurs droits humains ne sont pas respectés.,"De nombreux personnes subissent également le stigmatisation, la discrimination et les violations des droits de l'homme.",5.2573138446975785,36.84210526315789,26.31578947368421
Ollama llama3.2,1.0,"Many people also experience stigma, discrimination and violations of human rights.",Nombre d’entre elles sont également victimes de stigmatisation ou de discrimination et leurs droits humains ne sont pas respectés.,"Beaucoup de personnes éprouvent également le stigmate, la discrimination et les violations des droits de l'homme.",5.2573138446975785,31.578947368421055,21.052631578947366
