source_en,reference_fr,similarity,topic
Depressive disorder (also known as depression) is a common mental disorder.,Le trouble dépressif (également connu sous le nom de dépression) est un problème de santé mentale courant.,0.897,Depression / Depression
It involves a depressed mood or loss of pleasure or interest in activities for long periods of time.,Il se caractérise par la présence d’une humeur dépressive ou d’une perte durable de la capacité à éprouver du plaisir ou de l’intérêt.,0.753,Depression / Depression
Depression is different from regular mood changes and feelings about everyday life.,Il faut distinguer la dépression des changements d’humeur ordinaires et des sentiments que peut inspirer la vie quotidienne.,0.802,Depression / Depression
"It can affect all aspects of life, including relationships with family, friends and community.","La dépression peut avoir une incidence sur tous les aspects de la vie, y compris les relations avec la famille, les amis et, plus généralement, l’entourage.",0.79,Depression / Depression
It can result from or lead to problems at school and at work.,Elle peut être la conséquence ou l’origine de problèmes scolaires ou professionnels.,0.814,Depression / Depression
Depression can happen to anyone.,N’importe qui peut souffrir de dépression.,0.811,Depression / Depression
"People who have lived through abuse, severe losses or other stressful events are more likely to develop depression.",Les personnes victimes de maltraitance ou ayant vécu des pertes traumatisantes ou d’autres événements stressants sont plus susceptibles que les autres de souffrir de dépression.,0.799,Depression / Depression
Women are more likely to have depression than men.,La dépression touche davantage les femmes que les hommes.,0.822,Depression / Depression
"An estimated 4% of the population experience depression, including 5.7% of adults (4.6% among men and 6.9% among women), and 5.9% of adults aged 70 years and older.","On estime que 4,0 % de la population souffre de dépression, dont 5,7 % des adultes (4,6 % des hommes et 6,9 % des femmes) et 5,9 % des personnes âgées de 70 ans ou plus.",0.947,Depression / Depression
Approximately 332 million people in the world have depression (1) .,"À l’échelle mondiale, environ 332 millions de personnes souffrent de dépression (1) .",0.916,Depression / Depression
Depression is about 1.5 times more common among women than among men.,"La dépression est environ 1,5 fois plus fréquente chez la femme que chez l’homme.",0.923,Depression / Depression
"Worldwide, more than 10% of pregnant women and women who have just given birth experience depression (2) .","Dans le monde, plus de 10 % des femmes enceintes et des femmes qui viennent d’accoucher souffrent de dépression (2) .",0.91,Depression / Depression
"In 2021, an estimated 727 000 people lost their lives to suicide.",On estime que quelque 727 000 personnes se sont suicidées en 2021.,0.901,Depression / Depression
Suicide is the third leading cause of death in 15–29-year-olds.,Le suicide est la troisième cause de décès chez les 15-29 ans (1).,0.93,Depression / Depression
"In high-income countries, only about one third of people with depression receive mental health treatment (3) .","Dans les pays à revenu élevé, seul un tiers environ des personnes souffrant de dépression bénéficient de soins de santé mentale (3) .",0.897,Depression / Depression
"Barriers to effective care include a lack of investment in mental health care, lack of trained health-care providers and social stigma associated with mental disorders.","Le manque de ressources, le manque d’investissements en faveur des soins de santé mentale, le manque de soignants formés et la stigmatisation sociale associée aux troubles mentaux sont autant d’obstacles à une prise en charge efficace.",0.821,Depression / Depression
"During a depressive episode, a person experiences a depressed mood (feeling sad, irritable, empty).","L’épisode dépressif se caractérise par la présence d’une humeur dépressive (sentiment de tristesse et de vide, irritabilité), qui s’accompagne parfois d’une perte de la capacité à éprouver du plaisir ou de l’intérêt.",0.72,Depression / Depression
A depressive episode is different from regular mood fluctuations.,Il faut distinguer l’épisode dépressif des fluctuations ordinaires de l’humeur.,0.818,Depression / Depression
"Other symptoms are also present, which may include: Depression can cause difficulties in all aspects of life, including in the community and at home, work and school.","D’autres symptômes sont également présents, notamment : La dépression peut entraîner des difficultés dans tous les domaines de la vie, auprès de l’entourage, au sein de la famille et dans le cadre professionnel ou scolaire.",0.87,Depression / Depression
"A depressive episode can be categorized as mild, moderate, or severe depending on the number and severity of symptoms, as well as the impact on the individual’s functioning.","Un épisode dépressif peut être classé comme léger, modéré ou sévère en fonction du nombre et de la gravité des symptômes, ainsi que de leur impact sur le fonctionnement de la personne concernée.",0.916,Depression / Depression
"There are different patterns of depressive episodes including: Depression results from a complex interaction of social, psychological, and biological factors.","Il existe différents types de trouble dépressif : La dépression résulte d’une interaction complexe de facteurs sociaux, psychologiques et biologiques.",0.856,Depression / Depression
"People who have gone through adverse life events (unemployment, bereavement, traumatic events) are more likely to develop depression.","Les personnes qui ont vécu des épreuves (chômage, deuil, traumatismes) sont davantage susceptibles que les autres de souffrir de dépression.",0.82,Depression / Depression
"Depression can, in turn, lead to more stress and dysfunction and worsen the affected person’s life situation and the depression itself.","La dépression peut, à son tour, entraîner davantage de stress et de dysfonctionnements, ce qui aggrave la situation de la personne touchée et son état dépressif.",0.859,Depression / Depression
Depression is closely related to and affected by physical health.,"La dépression est étroitement liée à la santé physique, sur laquelle elle a une incidence.",0.872,Depression / Depression
"Many of the factors that influence depression (such as physical inactivity or harmful use of alcohol) are also known risk factors for diseases such as cardiovascular disease, cancer, diabetes and respiratory diseases.","Bon nombre des facteurs qui influent sur la dépression (comme l’inactivité physique ou l’usage nocif de l’alcool) sont également des facteurs de risque connus de pathologies telles que les maladies cardiovasculaires, le cancer, le diabète et les affections respiratoires.",0.915,Depression / Depression
"In turn, people with these diseases may also find themselves experiencing depression due to the difficulties associated with managing their condition.",Les personnes atteintes de ces pathologies peuvent également souffrir de dépression en raison des difficultés associées à la prise en charge de leur état.,0.87,Depression / Depression
Prevention programmes have been shown to reduce depression.,L’efficacité des programmes de prévention de la dépression est prouvée.,0.766,Depression / Depression
Effective community approaches to prevent depression include school-based programmes to enhance a pattern of positive coping in children and adolescents.,Les approches communautaires efficaces en la matière comprennent des programmes scolaires visant à renforcer une aptitude positive à faire face aux difficultés chez les enfants et les adolescents.,0.843,Depression / Depression
Interventions for parents of children with behavioural problems may reduce parental depressive symptoms and improve outcomes for their children.,Les interventions destinées aux parents d’enfants présentant des troubles du comportement peuvent soulager les symptômes dépressifs chez les parents et avoir des répercussions positives sur leurs enfants.,0.875,Depression / Depression
Exercise programmes for older persons can also be effective in depression prevention.,Les programmes d’exercice physique à l’intention des personnes âgées peuvent aussi prévenir efficacement la dépression.,0.903,Depression / Depression
There are effective treatments for depression.,Il existe des psychothérapies et des médicaments efficaces contre la dépression.,0.744,Depression / Depression
Seek care if you have symptoms of depression.,"Si vous présentez des symptômes de dépression, consultez un médecin.",0.791,Depression / Depression
Psychological treatments are the first treatments for depression.,Les psychothérapies sont les premiers traitements de la dépression.,0.904,Depression / Depression
They can be combined with antidepressant medications in moderate and severe depression.,"Dans les cas de dépression modérée ou sévère, elles peuvent être associées à la prise d’antidépresseurs.",0.8,Depression / Depression
Antidepressant medications are not needed for mild depression.,Les antidépresseurs ne sont pas nécessaires pour traiter la dépression légère.,0.869,Depression / Depression
"Psychological treatments can teach new ways of thinking, coping or relating to others.","Les psychothérapies peuvent modifier la façon de voir les choses, de faire face aux difficultés ou d’établir des relations avec autrui.",0.809,Depression / Depression
They may include talk therapy with professionals and supervised lay therapists.,"Il peut s’agir d’une thérapie par la parole avec des professionnels, voire avec des thérapeutes non professionnels encadrés.",0.745,Depression / Depression
Talk therapy can happen in person or online.,La thérapie par la parole peut se dérouler en présentiel ou en ligne.,0.88,Depression / Depression
"Psychological treatments may be accessed through self-help manuals, websites and apps.","Certains manuels d’auto-assistance, sites Web et applications mobiles proposent des aides psychologiques.",0.713,Depression / Depression
"Effective psychological treatments for depression include: Antidepressant medications include selective serotonin reuptake inhibitors (SSRIs), such as fluoxetine.","Les psychothérapies efficaces de la dépression sont les suivantes : Parmi les antidépresseurs, on peut citer les inhibiteurs sélectifs de la recapture de la sérotonine (ISRS), tels que la fluoxétine.",0.925,Depression / Depression
"Health-care providers should keep in mind the possible adverse effects associated with antidepressant medication, the ability to deliver either intervention (in terms of expertise, and/or treatment availability), and individual preferences.","Les soignants doivent tenir compte des effets indésirables possibles associés aux antidépresseurs, de la capacité à proposer l’une ou l’autre des interventions (en termes de compétences et/ou de disponibilité du traitement) et des préférences individuelles.",0.919,Depression / Depression
"Antidepressants should not be used for treating depression in children and are not the first line of treatment in adolescents, among whom they should be used with extra caution.","Les antidépresseurs ne doivent pas être utilisés pour traiter la dépression chez l’enfant et ne sont pas non plus à prescrire en première intention aux adolescents, chez qui ils doivent être utilisés avec une très grande prudence.",0.854,Depression / Depression
Different medications and treatments are used for bipolar disorder.,La prise en charge des troubles bipolaires repose sur différents médicaments et traitements.,0.825,Depression / Depression
Self-care can play an important role in managing symptoms of depression and promoting overall well-being.,Il peut être important de se prendre en charge soi-même pour soulager les symptômes de la dépression et favoriser le bien-être général.,0.837,Depression / Depression
"If you think you are in immediate danger of harming yourself, contact any available emergency services or a crisis line.","Si vous pensez que vous risquez immédiatement de vous faire du mal, contactez un service d’urgence ou un service téléphonique d’aide par l’écoute.",0.813,Depression / Depression
WHO’s Comprehensive Mental Health Action Plan 2013–2030 highlights the steps required to provide appropriate interventions for people with mental disorders including depression.,"Le Plan d’action global pour la santé mentale 2013-2030 de l’OMS décrit les mesures à prendre pour offrir des interventions appropriées aux personnes atteintes de troubles mentaux, dont la dépression.",0.916,Depression / Depression
Depression and self-harm/suicide are among the priority conditions covered by WHO’s Mental Health Gap Action Programme (mhGAP).,"La dépression, l’automutilation et le suicide figurent parmi les problèmes de santé prioritaires couverts par le Programme d’action Combler les lacunes en santé mentale (mhGAP) de l’OMS .",0.825,Depression / Depression
"The Programme aims to help countries increase services for people with mental, neurological and substance use disorders through care provided by health workers who are not specialists in mental health.","Ce programme a pour but d’aider les pays à élargir les services destinés aux personnes atteintes de troubles mentaux, neurologiques ou liés à l’utilisation de substances psychoactives, moyennant des soins dispensés par des soignants qui ne sont pas spécialisés en santé mentale.",0.887,Depression / Depression
WHO has developed brief psychological intervention manuals for depression that may be delivered by lay therapists to individuals and groups.,L’OMS a élaboré de brefs manuels présentant les interventions psychologiques pouvant être dispensées par des thérapeutes non professionnels aux individus et aux groupes en cas de dépression.,0.87,Depression / Depression
"An example is the Problem Management Plus (PM+) manual , which describes the use of behavioural activation, stress management, problem solving treatment and strengthening social support.","Le manuel Gestion des problèmes Plus , par exemple, décrit l’utilisation de l’activation comportementale, de la gestion du stress, de la thérapie par la résolution des problèmes et du renforcement du soutien social.",0.857,Depression / Depression
"Moreover, the Group Interpersonal Therapy for Depression manual describes group treatment of depression.","Par ailleurs, le manuel Thérapie interpersonnelle (‎TIP)‎ de groupe pour la dépression décrit la thérapie de groupe utilisée pour soigner la dépression.",0.876,Depression / Depression
"Finally, the Thinking Healthy manual covers the use of cognitive-behavioural therapy for perinatal depression. 1. 2021 Global Burden of Disease (GBD) [online database].","Enfin, le manuel Penser sain couvre l’utilisation de la thérapie cognitivo-comportementale pour la dépression périnatale.",0.771,Depression / Depression
"A mental disorder is characterized by a clinically significant disturbance in an individual’s cognition, emotional regulation, or behaviour.","Un trouble mental se caractérise par une altération majeure, sur le plan clinique, de l’état cognitif, de la régulation des émotions ou du comportement.",0.844,Mental disorders / Troubles mentaux
It is usually associated with distress or impairment in important areas of functioning.,Il s’accompagne généralement d’un sentiment de détresse ou de déficiences fonctionnelles dans des domaines importants.,0.851,Mental disorders / Troubles mentaux
There are many different types of mental disorders.,"Il existe de nombreux types de troubles mentaux, également appelés troubles de santé mentale.",0.765,Mental disorders / Troubles mentaux
"The latter is a broader term covering mental disorders, psychosocial disabilities and (other) mental states associated with significant distress, impairment in functioning, or risk of self-harm.","Cette dernière expression, plus large, englobe les troubles mentaux, les handicaps psychosociaux et d’autres états mentaux associés à un sentiment de détresse, à des déficiences fonctionnelles ou à un risque de comportement auto-agressif importants.",0.823,Mental disorders / Troubles mentaux
This fact sheet focuses on mental disorders as described by the International Classification of Diseases 11th Revision (ICD-11).,Ces Principaux repères portent sur les troubles mentaux décrits dans la Onzième Révision de la Classification internationale des maladies (CIM-11).,0.789,Mental disorders / Troubles mentaux
"In 2021, nearly 1 in every 7 people (1.1 billion) around the world were living with a mental disorder, with anxiety and depressive disorders the most common (1).","En 2021, 1,1 milliard de personnes (soit une sur sept) dans le monde présentaient un trouble mental, les troubles anxieux et les troubles dépressifs étant les plus courants (1) .",0.93,Mental disorders / Troubles mentaux
"While effective prevention and treatment options exist, most people with mental disorders do not have access to effective care.","Alors qu’il est possible de prévenir et de traiter efficacement ces troubles, la plupart des personnes qui en souffrent n’ont pas accès à des soins efficaces.",0.794,Mental disorders / Troubles mentaux
"Many people also experience stigma, discrimination and violations of human rights.",Nombre d’entre elles sont également victimes de stigmatisation ou de discrimination et leurs droits humains ne sont pas respectés.,0.77,Mental disorders / Troubles mentaux
"In 2021, 359 million people were living with an anxiety disorder including 72 million children and adolescents (1).","En 2021, 359 millions de personnes, dont 72 millions d’enfants et d’adolescents, présentaient un trouble anxieux (1) .",0.924,Mental disorders / Troubles mentaux
Anxiety disorders are characterised by excessive fear and worry and related behavioural disturbances.,Les troubles anxieux se caractérisent par une peur et une inquiétude excessives et par des troubles du comportement connexes.,0.926,Mental disorders / Troubles mentaux
Symptoms are severe enough to result in significant distress or significant impairment in functioning.,Les symptômes sont suffisamment graves pour entraîner un sentiment de détresse important ou des déficiences fonctionnelles majeures.,0.86,Mental disorders / Troubles mentaux
"There are several different kinds of anxiety disorders, such as: generalized anxiety disorder (characterised by excessive worry), panic disorder (characterised by panic attacks), social anxiety disorder (characterised by excessive fear and worry in social situations), separation anxiety disorder (characterised by excessive fear or anxiety about separation from those individuals to whom the person has a deep emotional bond), and others.","Il existe plusieurs types de troubles anxieux, dont le trouble d’anxiété généralisée (caractérisé par une inquiétude excessive), le trouble panique (caractérisé par des attaques de panique), le trouble d’anxiété sociale (caractérisé par une peur et une inquiétude excessives dans des situations sociales) et le trouble d’anxiété de séparation (caractérisé par une peur ou une anxiété à l’idée d’être séparé des personnes avec lesquelles on a un lien affectif fort).",0.921,Mental disorders / Troubles mentaux
"Effective psychological treatment exists, and depending on the age and severity, medication may also be considered.","Il existe des traitements psychologiques efficaces et, en fonction de l’âge et de la gravité de la dépression, des traitements médicamenteux peuvent aussi être envisagés.",0.828,Mental disorders / Troubles mentaux
Depression is different from usual mood fluctuations and short-lived emotional responses to challenges in everyday life.,La dépression diffère des sautes d’humeur habituelles et des réactions émotionnelles passagères face aux problèmes du quotidien.,0.853,Mental disorders / Troubles mentaux
"During a depressive episode, the person experiences depressed mood (feeling sad, irritable, empty) or a loss of pleasure or interest in activities, for most of the day, nearly every day, for at least two weeks.","Un épisode dépressif se caractérise par une morosité de l’humeur morose (sentiment de tristesse, d’irritabilité, de vide) ou une perte de plaisir ou d’intérêt, pendant la majeure partie de la journée, presque tous les jours, pendant au moins deux semaines.",0.865,Mental disorders / Troubles mentaux
"Several other symptoms are also present, which may include poor concentration, feelings of excessive guilt or low self-worth, hopelessness about the future, thoughts about dying or suicide, disrupted sleep, changes in appetite or weight, and feeling especially tired or low in energy.","Plusieurs autres symptômes peuvent également être présents : difficultés de concentration, sentiment de culpabilité excessive ou dévalorisation de soi, sentiment de désespoir face à l’avenir, pensées liées à la mort ou au suicide, troubles du sommeil, variations de l’appétit ou du poids, et sensation de grande fatigue ou de manque d’énergie.",0.9,Mental disorders / Troubles mentaux
People with depression are at an increased risk of suicide.,Les personnes dépressives sont plus exposées que les autres au risque de suicide.,0.848,Mental disorders / Troubles mentaux
"Yet, effective psychological treatment exists, and depending on the age and severity, medication may also be considered.","Cependant, il existe des traitements psychologiques efficaces et, en fonction de l’âge et de la gravité de la dépression, des traitements médicamenteux peuvent aussi être envisagés.",0.854,Mental disorders / Troubles mentaux
"In 2021, 37 million people experienced bipolar disorder, including 3.8 milion adolescents aged 10–19 years (1).","En 2021, 37 millions de personnes, dont 3,8 millions d’adolescents âgés de 10 à 19 ans, présentaient un trouble bipolaire (1) .",0.957,Mental disorders / Troubles mentaux
People with bipolar disorder experience alternating depressive episodes with periods of manic symptoms.,"Les personnes atteintes d’un trouble bipolaire présentent, en alternance, des épisodes dépressifs et des épisodes maniaques.",0.842,Mental disorders / Troubles mentaux
"Manic symptoms may include euphoria or irritability, increased activity or energy, and other symptoms such as increased talkativeness, racing thoughts, increased self-esteem, decreased need for sleep, distractibility, and impulsive reckless behaviour.","Les épisodes maniaques se caractérisent par une euphorie excessive ou une irritabilité, une hyperactivité ou une énergie décuplée, ainsi qu’une logorrhée, une fuite des idées, une estime de soi exagérée, une réduction du besoin de sommeil, une distractibilité, et un comportement impulsif et téméraire.",0.788,Mental disorders / Troubles mentaux
People with bipolar disorder are at an increased risk of suicide.,Les personnes qui présentent un trouble bipolaire sont plus exposées que les autres au risque de suicide.,0.865,Mental disorders / Troubles mentaux
"Yet effective treatment options exist including psychoeducation, reduction of stress and strengthening of social functioning, and medication.","Des traitements efficaces existent toutefois, notamment la psychoéducation, la réduction du stress et le renforcement du fonctionnement en milieu social, ainsi que les traitements médicamenteux.",0.912,Mental disorders / Troubles mentaux
PTSD may develop following exposure to an extremely threatening or horrific event or series of events.,Un trouble de stress post-traumatique peut survenir à la suite d’un événement ou d’une série d’événements particulièrement menaçants ou horribles.,0.832,Mental disorders / Troubles mentaux
"It is characterised by all of the following: 1) re-experiencing the traumatic event or events in the present (intrusive memories, flashbacks, or nightmares); 2) avoidance of thoughts and memories of the event(s), or avoidance of activities, situations, or people reminiscent of the event(s); and 3) persistent perceptions of heightened current threat.","Ce trouble se caractérise par l’ensemble des symptômes suivants : 1) la personne revit l’événement ou les événements traumatisants (souvenirs envahissants, réminiscences ou cauchemars) ; 2) la personne évite de penser à l’événement ou aux événements, ou de se les rappeler, ou évite les activités, situations ou personnes qui les lui rappellent ; et 3) la personne perçoit une menace accrue en permanence.",0.902,Mental disorders / Troubles mentaux
These symptoms persist for at least several weeks and cause significant impairment in functioning.,Ces symptômes durent au moins plusieurs semaines et provoquent d’importantes déficiences fonctionnelles.,0.908,Mental disorders / Troubles mentaux
Effective psychological treatment exists.,Il existe des traitements psychologiques efficaces.,0.881,Mental disorders / Troubles mentaux
Schizophrenia affects approximately 23 million people or 1 in 345 people worldwide (1).,La schizophrénie touche environ 23 millions de personnes – soit une sur 345 – dans le monde (1) .,0.927,Mental disorders / Troubles mentaux
People with schizophrenia have a life expectancy nine years below that of the general population (2).,Les personnes qui en sont atteintes ont une espérance de vie de neuf ans inférieure à celle de la population générale (2) .,0.86,Mental disorders / Troubles mentaux
Schizophrenia is characterised by significant impairments in perception and changes in behaviour.,La schizophrénie se caractérise par une distorsion notable de la perception et par des altérations du comportement.,0.93,Mental disorders / Troubles mentaux
"Symptoms may include persistent delusions, hallucinations, disorganised thinking, highly disorganised behaviour, or extreme agitation.","Les symptômes sont notamment les suivants : idées délirantes récurrentes, hallucinations, désorganisation de la pensée et du comportement ou agitation extrême.",0.872,Mental disorders / Troubles mentaux
People with schizophrenia may experience persistent difficulties with their cognitive functioning.,Les personnes atteintes de schizophrénie peuvent éprouver des difficultés cognitives durables.,0.845,Mental disorders / Troubles mentaux
"Yet, a range of effective treatment options exist, including medication, psychoeducation, family interventions, and psychosocial rehabilitation.","Il existe toutefois des options thérapeutiques (traitements médicamenteux, psychoéducation, interventions en milieu familial et réadaptation psychosociale).",0.831,Mental disorders / Troubles mentaux
"In 2021, 16 million people experienced eating disorders including almost 3.4 million children and adolescents (1).","En 2021, 16 millions de personnes, dont près de 3,4 millions d’enfants et d’adolescents, présentaient des troubles de l’alimentation (1) .",0.939,Mental disorders / Troubles mentaux
"Eating disorders, such as anorexia nervosa and bulimia nervosa, involve abnormal eating and preoccupation with food as well as prominent body weight and shape concerns.","Les troubles de l’alimentation, tels que l’anorexie mentale et la boulimie nerveuse, se caractérisent par un comportement alimentaire anormal et une préoccupation excessive pour la nourriture, qui s’accompagnent de vives inquiétudes concernant le poids et la forme du corps.",0.856,Mental disorders / Troubles mentaux
"The symptoms or behaviours result in significant risk or damage to health, significant distress, or significant impairment of functioning.","Ces symptômes ou comportements entraînent un risque voire des effets très néfastes pour la santé, un grand sentiment de détresse ou encore des déficiences fonctionnelles majeures.",0.9,Mental disorders / Troubles mentaux
Anorexia nervosa often has its onset during adolescence or early adulthood and is associated with premature death due to medical complications or suicide.,"L’anorexie mentale apparaît souvent pendant l’adolescence ou au début de l’âge adulte et est associée à une mort prématurée, due à des complications médicales ou au suicide.",0.882,Mental disorders / Troubles mentaux
"Individuals with bulimia nervosa are at a significantly increased risk for substance use, suicidality, and health complications.","Les personnes boulimiques sont exposées à un risque significativement accru d’usage de substances psychoactives, de suicide et de complications médicales.",0.834,Mental disorders / Troubles mentaux
"Effective treatment options exist, including family-based treatment and cognitive-based therapy.","Il existe des traitements efficaces, notamment des thérapies familiales et cognitives.",0.857,Mental disorders / Troubles mentaux
"In 2021, 41 million people, including children and adolescents, were living with conduct-dissocial disorder (1).","En 2019, 41 millions de personnes, y compris des enfants et des adolescents, présentaient un trouble de la personnalité antisociale (1) .",0.833,Mental disorders / Troubles mentaux
"This disorder, also known as conduct disorder, is one of two disruptive behaviour and dissocial disorders, the other is oppositional defiant disorder.","Ce trouble, aussi connu sous le nom de trouble des conduites, constitue l’un des deux troubles dyssociaux, le second étant le trouble oppositionnel avec provocation.",0.855,Mental disorders / Troubles mentaux
"Disruptive behaviour and dissocial disorders are characterised by persistent behaviour problems such as persistently defiant or disobedient to behaviours that persistently violate the basic rights of others or major age-appropriate societal norms, rules, or laws.","Le trouble de la personnalité antisociale se caractérise par des troubles du comportement récurrents (actes de provocation ou de désobéissance incessants ou comportements systématiquement contraires aux droits fondamentaux d’autrui ou aux principales normes, règles ou lois de nature sociale applicables à l’âge de la personne).",0.753,Mental disorders / Troubles mentaux
"Effective psychological treatments exist, such as cognitive problem-solving and/or social skills training, and often involve parents, caregivers, and teachers.","Il existe des traitements psychologiques efficaces (acquisition d’aptitudes cognitives à la résolution des problèmes ou de compétences sociales), auxquels doivent souvent participer les parents, les aidants et les enseignants.",0.817,Mental disorders / Troubles mentaux
"Neurodevelopmental disorders are behavioural and cognitive disorders, that arise during the developmental period, and involve significant difficulties in the acquisition and execution of specific intellectual, motor, language, or social functions.","Les troubles neurodéveloppementaux sont des troubles du comportement et cognitifs qui surviennent au cours du développement et entraînent des difficultés importantes dans l’acquisition et l’exécution de fonctions intellectuelles, motrices, langagières ou sociales spécifiques.",0.893,Mental disorders / Troubles mentaux
"Neurodevelopmental disorders include disorders of intellectual development, autism spectrum disorder, and attention deficit hyperactivity disorder (ADHD) amongst others.","Parmi les troubles neurodéveloppementaux figurent le trouble du développement intellectuel, le trouble du spectre de l’autisme et le trouble du déficit de l’attention avec ou sans hyperactivité (TDA/H).",0.855,Mental disorders / Troubles mentaux
"ADHD is characterised by a persistent pattern of inattention and/or hyperactivity-impulsivity that has a direct negative impact on academic, occupational, or social functioning.","Ce dernier se caractérise par une inattention et/ou une hyperactivité-impulsivité persistantes qui ont des effets négatifs directs sur le fonctionnement scolaire, professionnel ou social.",0.865,Mental disorders / Troubles mentaux
"Disorders of intellectual development are characterised by significant limitations in intellectual functioning and adaptive behaviour, which refers to difficulties with everyday conceptual , social, and practical skills that are performed in daily life.","Les troubles du développement intellectuel se manifestent par un fonctionnement intellectuel et un comportement adaptatif extrêmement limités, c’est-à-dire des difficultés à acquérir les aptitudes théoriques, sociales et pratiques nécessaires à la vie quotidienne.",0.876,Mental disorders / Troubles mentaux
"Autism spectrum disorder (ASD) constitutes a diverse group of conditions characterised by some degree of difficulty with social communication and reciprocal social interaction, as well as persistent restricted, repetitive, and inflexible patterns of behaviour, interests, or activities.","Le trouble du spectre de l’autisme regroupe un ensemble d’affections qui se caractérisent par un certain degré d’altération de la communication sociale et des interactions sociales, ainsi que par des modes de comportements, intérêts ou activités qui sont systématiquement limités, répétitifs et rigides.",0.89,Mental disorders / Troubles mentaux
"Effective treatment options exist including psychosocial interventions, behavioural interventions, occupational and speech therapy.","Il existe des options thérapeutiques efficaces (interventions psychosociales, interventions comportementales, ergothérapie et orthophonie).",0.814,Mental disorders / Troubles mentaux
"For certain diagnoses and age groups, medication may also be considered.","Pour certains diagnostics et certaines tranches d’âge, des traitements médicamenteux peuvent aussi être envisagés.",0.886,Mental disorders / Troubles mentaux
"At any one time, a diverse set of individual, family, community, and structural factors may combine to protect or undermine mental health.","Différents facteurs individuels, familiaux, communautaires et structurels peuvent se combiner pour former un ensemble qui protège ou, au contraire, compromet la santé mentale.",0.825,Mental disorders / Troubles mentaux
"Although most people are resilient, people who are exposed to adverse circumstances – including poverty, violence, disability, and inequality – are at higher risk.","Si la plupart des personnes sont résilientes, celles qui sont exposées à des conditions difficiles – y compris la pauvreté, la violence, le handicap et les inégalités – sont plus vulnérables.",0.888,Mental disorders / Troubles mentaux
"Protective and risk factors include individual psychological and biological factors, such as emotional skills as well as genetics.","Parmi les facteurs de protection et de risque figurent les facteurs psychologiques et biologiques, tels que les compétences émotionnelles et la génétique.",0.874,Mental disorders / Troubles mentaux
Many of the risk and protective factors are influenced through changes in brain structure and/or function.,Les changements intervenant dans la structure et/ou le fonctionnement du cerveau ont une influence sur de nombreux facteurs de protection et de risque.,0.851,Mental disorders / Troubles mentaux
Health systems have not yet adequately responded to the needs of people with mental disorders and are significantly under resourced.,Les systèmes de santé ne répondent pas encore de manière adéquate aux besoins des personnes qui présentent des troubles mentaux et font face à un manque criant de ressources.,0.905,Mental disorders / Troubles mentaux
The gap between the need for treatment and its provision is wide all over the world; and is often poor in quality when delivered.,"Partout dans le monde, il existe un écart béant entre l’offre et les besoins de traitements.",0.714,Mental disorders / Troubles mentaux
"For example, only 29% of people with psychosis (3) and only one third of people with depression receive formal mental health care (4).","Par exemple, seulement 29 % des personnes présentant une psychose (3) et un tiers des personnes atteintes de dépression reçoivent des soins de santé mentale structurés (4) .",0.919,Mental disorders / Troubles mentaux
"People with mental disorders also require social support, including support in developing and maintaining personal, family, and social relationships.","Par ailleurs, les personnes atteintes d’un trouble mental ont besoin de soutien social, notamment pour nouer et entretenir des relations personnelles, familiales et sociales.",0.876,Mental disorders / Troubles mentaux
"People with mental disorders may also need support for educational programmes, employment, housing, and participation in other meaningful activities.","Elles peuvent aussi avoir besoin d’aide pour suivre une formation, trouver un emploi et un logement, et prendre part à d’autres activités intéressantes.",0.771,Mental disorders / Troubles mentaux
WHO’s Comprehensive Mental Health Action Plan 2013–2030 recognizes the essential role of mental health in achieving health for all people.,"Dans son Plan d’action global pour la santé mentale 2013-2030 , l’OMS reconnaît le rôle essentiel que joue la santé mentale à l’égard de l’objectif de la santé pour toutes et tous.",0.869,Mental disorders / Troubles mentaux
"The plan includes four major objectives: WHO's Mental Health Gap Action Programme (mhGAP) uses evidence-based technical guidance, tools and training packages to expand services in countries, especially in resource-poor settings.","Ce plan comporte quatre grands objectifs : Le Programme d’action Combler les lacunes en santé mentale (mhGAP) s’appuie sur des orientations, outils et supports de formation fondés sur des données factuelles pour développer les services dans les pays, en particulier ceux dont les ressources sont limitées.",0.836,Mental disorders / Troubles mentaux
"It focuses on a prioritized set of conditions, directing capacity building towards non-specialized health-care providers in an integrated approach that promotes mental health at all levels of care.","Il porte sur un ensemble prioritaire d’affections, orientant le renforcement des capacités vers les prestataires de soins non spécialisés dans le cadre d’une approche intégrée en faveur de la santé mentale à tous les niveaux des soins.",0.836,Mental disorders / Troubles mentaux
"The WHO mhGAP Intervention Guide 2.0 is part of this programme, and provides guidance for doctors, nurses, and other health workers in non-specialist health settings on assessment and management of mental disorders. 1) 2021 Global Burden of Disease (GBD) [online database].","La version 2.0 du Guide d’intervention mhGAP de l’OMS , qui fait partie de ce programme, contient des orientations sur l’évaluation et la prise en charge des troubles mentaux à l’intention des médecins, du personnel infirmier et des professionnels de santé travaillant dans des contextes sanitaires non spécialisés. (1) 2021 Global Burden of Disease (GBD) [base de données en ligne].",0.885,Mental disorders / Troubles mentaux
"Seattle: Institute for Health Metrics and Evaluation; 2024 ( https://vizhub.healthdata.org/gbd-results/ , accessed 13 August 2025). (2) Yung NCL, Wong CSM, Chan JKN, Chen EYH, Chang WC.","Seattle: Institute for Health Metrics and Evaluation; 2024 ( https://vizhub.healthdata.org/gbd-results/ , consulté le 13 août 2025). (2) Yung NCL, Wong CSM, Chan JKN, Chen EYH, Chang WC.",0.996,Mental disorders / Troubles mentaux
Excess mortality and life-years lost in people with schizophrenia and other non-affective psychoses: an 11-year population-based cohort study.,Excess mortality and life-years lost in people with schizophrenia and other non-affective psychoses: an 11-year population-based cohort study.,1.0,Mental disorders / Troubles mentaux
Schizophr Bull. 2021;47(2):474–84 (https://doi.org/10.1093/schbul/sbaa137). (3) Mental health atlas 2020.,Schizophr Bull. 2021;47(2):474–84 ( https://doi.org/10.1093/schbul/sbaa137 ). (3) Mental health atlas 2020.,1.0,Mental disorders / Troubles mentaux
Geneva: World Health Organization; 2021 (https://iris.who.int/handle/10665/345946).,"Genève, Organisation mondiale de la Santé, 2021 (https://iris.who.int/handle/10665/345946).",0.939,Mental disorders / Troubles mentaux
"Licence: CC BY-NC-SA 3.0 IGO. (4) Moitra M, Santomauro D, Collins PY, Vos T, Whiteford H, Saxena S, et al.","Licence : CC BY-NC-SA 3.0 IGO.(4) Moitra M, Santomauro D, Collins PY, Vos T, Whiteford H, Saxena S, et al.",1.0,Mental disorders / Troubles mentaux
The global gap in treatment coverage for major depressive disorder in 84 countries from 2000–2019: a systematic review and Bayesian meta-regression analysis.,The global gap in treatment coverage for major depressive disorder in 84 countries from 2000–2019: a systematic review and Bayesian meta-regression analysis.,1.0,Mental disorders / Troubles mentaux
PLoS Med. 2022;19(2):e1003901. doi:10.1371/journal.pmed.1003901 .,PLoS Med. 2022;19(2):e1003901. doi:10.1371/journal.pmed.1003901 .,1.0,Mental disorders / Troubles mentaux
"Schizophrenia is characterised by significant impairments in the way reality is perceived and changes in behaviour related to: People with schizophrenia often also experience persistent difficulties with their cognitive or thinking skills, such as memory, attention, and problem-solving.","La schizophrénie se caractérise par des troubles importants de la perception de la réalité et par des altérations du comportement : Les schizophrènes éprouvent souvent des difficultés cognitives persistantes (par exemple, au niveau de la mémoire, de l’attention et de la capacité à résoudre des problèmes).",0.872,Schizophrenia / Schizophrenie
At least one third of people with schizophrenia experiences complete remission of symptoms (1).,On observe une rémission complète des symptômes chez au moins un tiers des personnes atteintes de schizophrénie (1).,0.878,Schizophrenia / Schizophrenie
"Some people with schizophrenia experience worsening and remission of symptoms periodically throughout their lives, others a gradual worsening of symptoms over time.","Chez certaines autres, on constate une aggravation et une rémission périodiques des symptômes tout au long de la vie tandis que, chez d’autres encore, les symptômes s’aggravent progressivement au fil du temps.",0.794,Schizophrenia / Schizophrenie
Schizophrenia affects approximately 23 million people or 1 in 345 people (0.29%) worldwide.,"La schizophrénie touche environ 23 millions de personnes, soit 1 sur 345 (0,29 %), dans le monde.",0.948,Schizophrenia / Schizophrenie
The rate is 1 in 233 people (0.43%) among adults (2).,"Le taux est de 1 adulte sur 233 (0,43 %) (2).",0.942,Schizophrenia / Schizophrenie
It is not as common as many other mental disorders.,La schizophrénie n’est pas aussi courante que beaucoup d’autres troubles mentaux.,0.791,Schizophrenia / Schizophrenie
"Onset is most often during late adolescence and the twenties, and onset tends to happen earlier among men than among women.","Elle débute le plus souvent à la fin de l’adolescence ou entre 20 et 30 ans, et elle survient généralement plus tôt chez les hommes que chez les femmes.",0.802,Schizophrenia / Schizophrenie
"Schizophrenia is frequently associated with significant distress and impairment in personal, family, social, educational, occupational, and other important areas of life.","Elle est souvent associée à une incapacité et à un stress importants dans les sphères personnelle, familiale, sociale, éducative et professionnelle et dans d’autres domaines importants de la vie.",0.818,Schizophrenia / Schizophrenie
People with schizophrenia die nine years earlier than the general population (3).,Les schizophrènes décèdent neuf ans plus tôt que la population générale (3).,0.9,Schizophrenia / Schizophrenie
"This is often due to physical illnesses, such as cardiovascular, metabolic, and infectious diseases.","Les décès sont souvent dus à des maladies somatiques, cardiovasculaires, métaboliques ou infectieuses, notamment.",0.755,Schizophrenia / Schizophrenie
People with schizophrenia often experience human rights violations both inside mental health institutions and in community settings.,"Les personnes atteintes de schizophrénie sont souvent victimes de violations des droits humains, dans les établissements psychiatriques comme en dehors.",0.842,Schizophrenia / Schizophrenie
"Stigma against people with this condition is intense and widespread, causing social exclusion, and impacting their relationships with others, including family and friends.","Elles sont très souvent victimes d’une forte stigmatisation, qui entraîne une exclusion sociale et affecte leurs relations avec leur entourage, y compris la famille et les amis.",0.781,Schizophrenia / Schizophrenie
"This contributes to discrimination, which in turn can limit access to general health care, education, housing, and employment.","Il s’ensuit une discrimination, qui à son tour peut limiter l’accès aux soins de santé généraux, à l’éducation, au logement et à l’emploi.",0.902,Schizophrenia / Schizophrenie
"During humanitarian and public health emergencies, extreme stress and fear, breakdown of social supports, isolation and disruption of health-care services and supply of medication can occur.","Les situations d’urgence humanitaire et de santé publique peuvent entraîner un stress et une peur extrêmes, l’effondrement des structures de soutien social, un isolement ainsi que la perturbation des services de santé et de l’approvisionnement en médicaments.",0.835,Schizophrenia / Schizophrenie
"These changes can have an impact on the lives of people with schizophrenia, such as exacerbation of existing symptoms.","Ces changements peuvent avoir un impact sur la vie des schizophrènes, par exemple exacerber leurs symptômes.",0.82,Schizophrenia / Schizophrenie
"During emergencies, people with schizophrenia are more vulnerable than others to various human rights violations, including neglect, abandonment, homelessness, abuse and exclusion.","Dans les situations d’urgence, les personnes atteintes de schizophrénie sont plus vulnérables que d’autres face aux violations des droits humains, notamment la négligence, l’abandon, l’absence de logement, la maltraitance et l’exclusion.",0.831,Schizophrenia / Schizophrenie
Research has not identified one single cause of schizophrenia.,La recherche n’a pas mis en évidence de cause unique de la schizophrénie.,0.908,Schizophrenia / Schizophrenie
It is thought that an interaction between genes and a range of environmental factors may cause schizophrenia.,On pense qu’elle peut avoir pour origine une interaction entre des gènes et un certain nombre de facteurs environnementaux.,0.757,Schizophrenia / Schizophrenie
Psychosocial factors may also affect the onset and course of schizophrenia.,Des facteurs psychosociaux peuvent également influer sur la survenue et l’évolution de la schizophrénie.,0.846,Schizophrenia / Schizophrenie
Heavy use of cannabis is associated with an elevated risk of the disorder.,Une forte consommation de cannabis est associée à un risque élevé de schizophrénie.,0.802,Schizophrenia / Schizophrenie
"Currently, the vast majority of people with schizophrenia around the world are not receiving mental health care.","À l’heure actuelle, l’immense majorité des personnes atteintes de schizophrénie dans le monde ne bénéficient pas de soins de santé mentale.",0.901,Schizophrenia / Schizophrenie
Approximately 50% of people in mental hospitals have a schizophrenia diagnosis (4).,La schizophrénie est diagnostiquée chez 50 % environ des personnes hospitalisées en psychiatrie (4).,0.881,Schizophrenia / Schizophrenie
Only 29% of people with psychosis receive specialist mental health care (5).,Seulement 29 % des personnes atteintes de psychoses bénéficient de soins de santé mentale spécialisés (5).,0.951,Schizophrenia / Schizophrenie
Most resources for mental health services are inefficiently spent on care within mental hospitals.,La plupart des ressources allouées aux services de santé mentale sont dépensées de manière inefficace pour les soins dans les hôpitaux psychiatriques.,0.88,Schizophrenia / Schizophrenie
"There is clear evidence that mental hospitals are not effective in providing the care that people with mental health conditions need and, regularly, violate the basic human rights of persons with schizophrenia.",Il apparaît clairement que les hôpitaux psychiatriques ne permettent pas de prodiguer aux sujets atteints de troubles mentaux les soins dont ils ont besoin et que les droits humains des schizophrènes y sont régulièrement bafoués.,0.836,Schizophrenia / Schizophrenie
Efforts to transfer care from mental health institutions to the community need to be expanded and accelerated.,Les efforts visant à dispenser les soins en dehors des établissements de santé mentale doivent être élargis et accélérés.,0.775,Schizophrenia / Schizophrenie
Such efforts start with the development of a range of quality community-based mental health services.,"À cet égard, il faut d’abord mettre au point une gamme de services de santé mentale communautaires de qualité.",0.729,Schizophrenia / Schizophrenie
"Options for community-based mental health care include integration in primary health and general hospital care, community mental health centres, day centres, supported housing, and outreach services for home-based support.","Plusieurs modalités de soins de santé mentale communautaires sont possibles : l’intégration dans les soins de santé primaires et les soins hospitaliers généraux, les centres de santé mentale communautaires, les centres de jour, les logements dotés de services de soutien et les services de proximité pour le soutien à domicile.",0.869,Schizophrenia / Schizophrenie
"The engagement of the person with schizophrenia, family members and the wider community in providing support is important.",Il est important que la personne schizophrène joue un rôle actif et que les membres de la famille et la communauté au sens large apportent leur soutien.,0.811,Schizophrenia / Schizophrenie
"A range of effective care options for people with schizophrenia exist, and these include medication, psychoeducation, family interventions, cognitive-behavioural therapy and psychosocial rehabilitation (e.g. life skills training).","Il existe plusieurs options thérapeutiques efficaces pour les personnes atteintes de schizophrénie : les médicaments, la psychoéducation, les interventions familiales, la thérapie cognitivo-comportementale et la réadaptation psychosociale (par exemple, l’acquisition de compétences psychosociales).",0.883,Schizophrenia / Schizophrenie
"Facilitated assisted living, supported housing and supported employment are essential care options that should be available for people with schizophrenia.","L’aide à la vie quotidienne, le logement avec services de soutien et l’emploi aidé sont des possibilités essentielles qui devraient être proposées aux schizophrènes.",0.856,Schizophrenia / Schizophrenie
A recovery-oriented approach – giving people agency in treatment decisions – is essential for people with schizophrenia and for their families and/or caregivers as well.,Une approche axée sur le rétablissement – visant à donner aux personnes la possibilité de prendre des décisions au sujet de leur traitement – est essentielle pour les personnes atteintes de schizophrénie et pour les familles et/ou les proches aidants.,0.917,Schizophrenia / Schizophrenie
WHO’s Comprehensive Mental Health Action Plan 2013-2030 highlights the steps required to provide appropriate services for people with mental disorders including schizophrenia.,"Le Plan d’action global pour la santé mentale 2013-2030 indique quelles sont les étapes nécessaires pour fournir des services appropriés aux personnes atteintes de troubles mentaux, dont la schizophrénie.",0.913,Schizophrenia / Schizophrenie
The WHO Special Initiative for Mental Health aims to further progress towards objectives of the Comprehensive Mental Health Action Plan 2013-2030 by ensuring 100 million more people have access to quality and affordable care for mental health conditions.,"L’Initiative spéciale de l’OMS pour la santé mentale vise à progresser plus avant dans la réalisation des objectifs du Plan d’action global pour la santé mentale 2013-2030, le but étant de garantir que 100 millions de personnes supplémentaires aient accès à des soins abordables et de qualité en matière de santé mentale.",0.913,Schizophrenia / Schizophrenie
"WHO's Mental Health Gap Action Programme (mhGAP) uses evidence-based technical guidance, tools and training packages to expand service in countries, especially in resource-poor settings.","Le Programme d’action Combler les lacunes en santé mentale (mhGAP) se sert d’orientations, d’outils et de matériels de formation fondés sur des données factuelles pour développer les services dans les pays, en particulier ceux dont les ressources sont limitées.",0.828,Schizophrenia / Schizophrenie
"It focuses on a prioritized set of conditions, including psychosis, directing capacity building towards non-specialized health-care providers in an integrated approach that promotes mental health at all levels of care.","Il est axé sur un ensemble prioritaire d’affections, dont les psychoses, et oriente le renforcement des capacités vers les prestataires de soins non spécialisés dans le cadre d’une approche intégrée en faveur de la santé mentale à tous les niveaux des soins.",0.849,Schizophrenia / Schizophrenie
Currently mhGAP is being implemented in more than 100 WHO Member States.,"Actuellement, le mhGAP est mis en œuvre dans plus de 100 États Membres de l’OMS.",0.957,Schizophrenia / Schizophrenie
The WHO QualityRights Project involves improving the quality of care and human rights conditions in mental health and social care facilities and to empower organizations to advocate for the health of people with mental health conditions and psychosocial disabilities.,"Le projet QualityRights de l’OMS suppose d’améliorer la qualité des soins et le respect des droits humains dans les établissements s’occupant de la santé mentale et de l’aide sociale, et de donner des moyens d’agir aux organisations pour défendre la santé des personnes atteintes de maladies mentales et de handicaps psychosociaux.",0.865,Schizophrenia / Schizophrenie
"The WHO guidance on community mental health services and person-centred and rights-based approaches provides information and support to all stakeholders who wish to develop or transform their mental health system and services to align with international human rights standards including the UN Convention on the Rights of Persons with Disabilities. (1) Harrison G, Hopper K, Craig T, Laska E, Siegel C, Wanderling J.","Les orientations de l’OMS sur les services de santé mentale communautaires et les approches centrées sur la personne et fondées sur les droits fournissent des informations et un soutien à toutes les parties prenantes qui souhaitent développer ou transformer leur système et leurs services de santé mentale pour qu’ils soient conformes aux normes internationales en matière de droits humains, y compris à la Convention des Nations Unies relative aux droits des personnes handicapées. (1) Harrison G, Hopper K, Craig T, Laska E, Siegel C, Wanderling J.",0.894,Schizophrenia / Schizophrenie
Recovery from psychotic illness: a 15- and 25-year international follow-up study.,Recovery from psychotic illness: a 15- and 25-year international follow-up study.,1.0,Schizophrenia / Schizophrenie
Br J Psychiatry 2001;178:506-17. (2) Institute of health Metrics and Evaluation (IHME).,Br J Psychiatry 2001;178:506-17. (2) 2021 Global Burden of Disease (GBD) [base de données en ligne].,0.723,Schizophrenia / Schizophrenie
Mental health systems in selected low- and middle-income countries: a WHO-AIMS cross-national analysis.,Mental health systems in selected low- and middle-income countries: a WHO-AIMS cross-national analysis.,1.0,Schizophrenia / Schizophrenie
"In 2021, an estimated 37 million people (or 0.5% of the global population), including approximately 34 million adults, were living with bipolar disorder (1) .","En 2021, on estimait que 37 millions de personnes (soit 0,5 % de la population mondiale), dont environ 34 millions d’adultes, étaient atteintes d’un trouble bipolaire (1) .",0.934,Bipolar disorder / Trouble bipolaire
"The condition is primarily observed among working-age people, but also in youth.","Ce trouble touche principalement les personnes en âge de travailler, mais aussi les plus jeunes.",0.81,Bipolar disorder / Trouble bipolaire
"While the prevalence of bipolar disorder among men and women is approximately equal, available data indicate that women are more often diagnosed.","D’après les données disponibles, bien que sa prévalence soit quasiment la même entre les hommes et les femmes, il est plus souvent diagnostiqué chez les femmes.",0.805,Bipolar disorder / Trouble bipolaire
"Worldwide, the treatment coverage for people with bipolar disorder is low.","À l’échelle mondiale, la couverture du traitement du trouble bipolaire est faible.",0.856,Bipolar disorder / Trouble bipolaire
Both men and women are often misdiagnosed.,"Les cas sont souvent mal diagnostiqués, que ce soit chez les hommes ou chez les femmes.",0.763,Bipolar disorder / Trouble bipolaire
"Many lack access to services and recommended interventions, especially in low- and middle-income countries (LMICs).","De nombreuses personnes atteintes d’un trouble bipolaire n’ont pas accès aux services et aux interventions recommandées, en particulier dans les pays à revenu faible ou intermédiaire.",0.752,Bipolar disorder / Trouble bipolaire
"Stigma and discrimination against people with bipolar disorder are widespread, both in communities and health services.","La stigmatisation et la discrimination à l’égard des personnes atteintes d’un trouble bipolaire sont répandues, tant dans les communautés que dans les services de santé, ce qui peut nuire à l’accès aux soins de santé.",0.799,Bipolar disorder / Trouble bipolaire
"It also fuels social exclusion and can limit opportunities for education, employment and housing.","En outre, ces phénomènes favorisent l’exclusion sociale et peuvent limiter les possibilités en matière d’éducation, d’emploi et de logement.",0.851,Bipolar disorder / Trouble bipolaire
Bipolar disorder is one of the leading causes of disability globally as it can affect many areas of life.,"Le trouble bipolaire est l’une des principales causes de handicap dans le monde, car il affecte de nombreux aspects de la vie.",0.88,Bipolar disorder / Trouble bipolaire
"People with bipolar disorder may experience strained relationships, problems at school or work, and difficulties in carrying out daily activities.","Les personnes atteintes d’un trouble bipolaire peuvent avoir des problèmes relationnels, des problèmes en milieu scolaire ou au travail, et des difficultés à effectuer des tâches quotidiennes.",0.919,Bipolar disorder / Trouble bipolaire
Having bipolar disorder also increases the risk of suicide and of developing anxiety and substance use disorders.,"Le trouble bipolaire augmente également le risque de suicide, ainsi que le risque d’anxiété et de troubles liés à l’usage de substances.",0.857,Bipolar disorder / Trouble bipolaire
"People with bipolar disorder are more likely to smoke, use alcohol, have a physical health condition (e.g. cardiovascular or respiratory disease), and experience difficulties in accessing health care.","Les personnes atteintes d’un trouble bipolaire sont plus susceptibles de fumer, de consommer de l’alcool, de souffrir d’un problème de santé physique (par exemple, une maladie cardiovasculaire ou respiratoire) et d’avoir des difficultés à accéder aux soins de santé.",0.929,Bipolar disorder / Trouble bipolaire
"On average, people with bipolar disorder die on average 13 years earlier than the general population (2) .","En moyenne, les personnes atteintes d’un trouble bipolaire meurent 13 ans plus tôt que la population générale (2) .",0.937,Bipolar disorder / Trouble bipolaire
Bipolar disorder is a mental health condition characterized by mood swings from one extreme to another.,Le trouble bipolaire est un problème de santé mentale qui se caractérise par des changements d’humeur extrêmes.,0.785,Bipolar disorder / Trouble bipolaire
"During a manic episode, a person experiences an extremely high mood with lots of energy (feeling very happy, excited, overactive).","Une personne en phase maniaque est anormalement de bonne humeur et en forme (elle se sent exaltée, excitée, hyperactive).",0.81,Bipolar disorder / Trouble bipolaire
"They may have a sense of euphoria, sudden shifts in mood or an excess of emotion (uncontrollable laughing or feeling much more irritable, agitated or restless than usual).","Elle peut ressentir un sentiment d’euphorie, avoir des sautes d’humeur ou être submergée par ses émotions (rire de façon incontrôlée ou se sentir beaucoup plus irritable ou agitée que d’habitude).",0.874,Bipolar disorder / Trouble bipolaire
"In manic episodes, the changes in mood and activities are accompanied by other characteristic symptoms, which may include: On the contrary, during a depressive episode, a person experiences a depressed mood (feeling sad, irritable, empty).","Pendant les épisodes maniaques, les changements d’humeur et de niveau d’activité s’accompagnent d’autres symptômes caractéristiques, notamment : En revanche, lors d’un épisode dépressif, la personne se sent triste, irritable, vide).",0.862,Bipolar disorder / Trouble bipolaire
They may feel a loss of interest or pleasure in activities that they had previously enjoyed.,Elle ressent parfois une perte d’intérêt ou de plaisir pour des activités qu’elle appréciait auparavant.,0.799,Bipolar disorder / Trouble bipolaire
"Other symptoms are also present, which may include: A depressive episode is different from mood fluctuations commonly experienced by most people, in that the symptoms last most of the day, nearly every day, for at least two weeks.","D’autres symptômes sont également présents, notamment : Il faut distinguer l’épisode dépressif des fluctuations de l’humeur que la plupart d’entre nous connaissent : les symptômes sont présents la majeure partie de la journée, presque tous les jours, pendant au moins deux semaines.",0.879,Bipolar disorder / Trouble bipolaire
"Both manic and depressive episodes can cause significant difficulties in all aspects of life, including at home, work and school.","Les épisodes maniaques et dépressifs peuvent entraîner des difficultés majeures dans la vie en général, y compris à la maison, au travail et à l’école.",0.863,Bipolar disorder / Trouble bipolaire
They may require specialized care to prevent the person from doing harm to themselves or others.,Ils peuvent nécessiter des soins spécialisés visant à empêcher que la personne se fasse du mal ou fasse du mal à autrui.,0.901,Bipolar disorder / Trouble bipolaire
Some people with bipolar disorder may experience what are called hypomanic episodes.,Certaines personnes atteintes d’un trouble bipolaire connaissent parfois des épisodes « hypomaniaques ».,0.832,Bipolar disorder / Trouble bipolaire
"Hypomanic episodes involve similar symptoms to manic episodes, but the symptoms are less intense and do not typically disrupt the person’s ability to function to the same extent.","Les épisodes hypomaniaques se caractérisent par des symptômes similaires à ceux des épisodes maniaques, mais ils sont moins intenses et ne perturbent généralement pas autant le fonctionnement.",0.882,Bipolar disorder / Trouble bipolaire
"There are two main types of bipolar disorder, depending on patterns of manic or hypomanic and depressive episodes.","Il existe deux principaux types de trouble bipolaire, en fonction des épisodes maniaques ou hypomaniaques et dépressifs vécus.",0.907,Bipolar disorder / Trouble bipolaire
The exact cause of bipolar disorder is unknown.,On ne connaît pas la cause exacte du trouble bipolaire.,0.897,Bipolar disorder / Trouble bipolaire
"Several factors – including biological (e.g. genetic), psychological, social and structural factors – may contribute to its onset, trajectory and outcomes.","Plusieurs facteurs – notamment des facteurs biologiques (génétiques, par exemple), psychologiques, sociaux et structurels – peuvent favoriser son apparition et influer sur son évolution et son issue.",0.942,Bipolar disorder / Trouble bipolaire
Adverse circumstances or life-altering events can trigger or exacerbate the symptoms of bipolar disorder.,Des circonstances difficiles ou des événements bouleversants peuvent déclencher ou exacerber les symptômes du trouble bipolaire.,0.861,Bipolar disorder / Trouble bipolaire
"These may include bereavement, violence or the breakdown of a relationship.","Il peut s’agir d’un deuil, d’actes de violence ou d’une rupture.",0.8,Bipolar disorder / Trouble bipolaire
The use of alcohol or drugs can also influence the onset and trajectory of bipolar disorder.,La consommation d’alcool ou de drogues peut également influer sur l’apparition et l’évolution du trouble bipolaire.,0.836,Bipolar disorder / Trouble bipolaire
"Although employment can be a source of stress for people living with bipolar disorder, it can also be protective.","Bien que le travail puisse être une source de stress pour les personnes atteintes d’un trouble bipolaire, il peut aussi être un facteur de protection.",0.817,Bipolar disorder / Trouble bipolaire
"Under good working conditions, and when supported at their workplace with reasonable adjustments, employment can promote recovery by improving functioning, reducing symptoms and leading to a higher quality of life and improved self-esteem.","Lorsqu’il s’accompagne de bonnes conditions et d’ajustements raisonnables sur le lieu de travail, un emploi peut favoriser le rétablissement en améliorant l’aptitude à fonctionner, en réduisant les symptômes et en conduisant à une meilleure qualité de vie et à une plus grande estime de soi.",0.896,Bipolar disorder / Trouble bipolaire
"Even though symptoms often recur, recovery is possible.","Même si les symptômes réapparaissent souvent, une guérison est possible.",0.907,Bipolar disorder / Trouble bipolaire
"With appropriate care, people with bipolar disorder can cope with their symptoms and live meaningful and productive lives.","Grâce à des soins appropriés, les personnes atteintes d’un trouble bipolaire peuvent maîtriser leurs symptômes et mener une vie enrichissante et productive.",0.878,Bipolar disorder / Trouble bipolaire
"There are a range of effective treatment options, typically a mix of medicines and psychological and psychosocial interventions.","Il existe diverses options thérapeutiques efficaces, associant généralement médicaments et interventions psychologiques et psychosociales.",0.886,Bipolar disorder / Trouble bipolaire
"Medicines are considered essential for treatment, but themselves are usually insufficient to achieve full recovery.","Les médicaments sont essentiels dans le cadre du traitement, mais ils sont rarement suffisants pour parvenir à une guérison totale.",0.838,Bipolar disorder / Trouble bipolaire
"People with bipolar disorder should be treated with respect and dignity and should be meaningfully involved in care choices, including through shared decision-making regarding treatment and care, balancing effectiveness, side-effects and individual preferences.","Les personnes atteintes d’un trouble bipolaire doivent être traitées avec respect et dignité et doivent activement participer aux choix en matière de soins de santé, y compris dans le cadre d’une prise de décision commune concernant le traitement et les soins, en trouvant un équilibre entre efficacité, effets secondaires et préférences personnelles.",0.876,Bipolar disorder / Trouble bipolaire
"People with bipolar disorder need treatment and care across acute episodes of mania and depression and when indicated, longer-term treatment to prevent relapse.","Les personnes atteintes d’un trouble bipolaire ont besoin d’un traitement et de soins lors des épisodes maniaques et dépressifs aigus et, le cas échéant, d’un traitement à plus long terme pour prévenir les rechutes.",0.884,Bipolar disorder / Trouble bipolaire
"Mood stabilizers (such as lithium, valproate) and antipsychotics are proven to help manage acute mania.",Il est prouvé que les thymorégulateurs (tels que le lithium et le valproate) et les antipsychotiques aident à supporter les épisodes maniaques aigus.,0.873,Bipolar disorder / Trouble bipolaire
Lithium prescription requires clinical and laboratory monitoring.,La prescription de lithium nécessite un suivi clinique et biologique.,0.85,Bipolar disorder / Trouble bipolaire
"Girls and women who are pregnant, breastfeeding or have childbearing potential should not use valproate.","Les filles et les femmes qui sont enceintes, qui allaitent ou qui sont en âge de procréer ne doivent pas prendre de valproate.",0.902,Bipolar disorder / Trouble bipolaire
Lithium and carbamazepine also need to be avoided during pregnancy and breastfeeding whenever possible.,"Dans la mesure du possible, il faut également éviter le lithium et la carbamazépine pendant la grossesse et l’allaitement.",0.905,Bipolar disorder / Trouble bipolaire
Antidepressants should not be taken during a manic episode and they may be combined with mood stabilizers or antipsychotics during episodes of depression.,"Les antidépresseurs sont à proscrire pendant un épisode maniaque, mais ils peuvent être associés à des thymorégulateurs ou à des antipsychotiques pendant un épisode dépressif.",0.83,Bipolar disorder / Trouble bipolaire
"Some medicines for bipolar disorder can make people feel sleepy, have involuntary muscle spasms or tremors, or experience metabolic changes (e.g. involving weight gain).","Certains médicaments contre le trouble bipolaire peuvent entraîner une somnolence, des spasmes musculaires, des tremblements involontaires ou des changements métaboliques (une prise de poids, par exemple).",0.874,Bipolar disorder / Trouble bipolaire
These side effects can affect adherence to treatment and should be monitored and managed.,Ces effets secondaires peuvent affecter l’observance du traitement et doivent être surveillés et pris en charge.,0.898,Bipolar disorder / Trouble bipolaire
Adults with bipolar disorder who are in complete remission (no symptoms) usually need to continue with mood stabilizers or antipsychotic medicines for at least six months.,Les adultes atteints d’un trouble bipolaire qui sont en rémission complète (aucun symptôme) doivent généralement continuer à prendre des thymorégulateurs ou des antipsychotiques pendant au moins six mois.,0.884,Bipolar disorder / Trouble bipolaire
Those experiencing multiple episodes of mania and depression will usually require longer-term treatment to minimize relapses.,Les personnes ayant connu plusieurs épisodes maniaques et dépressifs auront généralement besoin d’un traitement à plus long terme pour éviter autant que possible les rechutes.,0.872,Bipolar disorder / Trouble bipolaire
"People with bipolar disorder can benefit from lifestyle changes involving regular sleep, physical activity, a healthy diet, reduction of stressors, and mood monitoring.","Il peut s’agir de maintenir un horaire de sommeil régulier, de pratiquer une activité physique, de manger sainement, de réduire les facteurs de stress ou encore d’observer son humeur.",0.712,Bipolar disorder / Trouble bipolaire
"Psychological interventions (e.g. cognitive behavioural therapy, interpersonal therapy, psychoeducation) can effectively reduce depressive symptoms and the possibility of them coming back.","Les interventions psychologiques (par exemple, une thérapie cognitivo-comportementale, une thérapie interpersonnelle, ou la psychoéducation) peuvent permettre d’atténuer efficacement les symptômes dépressifs et le risque de rechute.",0.913,Bipolar disorder / Trouble bipolaire
Family psychoeducation can also help families understand and support their loved one better.,"En outre, la psychoéducation familiale peut aider les familles à mieux comprendre et à mieux soutenir leur proche atteint d’un trouble bipolaire.",0.827,Bipolar disorder / Trouble bipolaire
Support from family and friends is very important.,Le soutien de la famille et des amis est primordial.,0.899,Bipolar disorder / Trouble bipolaire
"Support groups – where people can receive encouragement, learn coping skills, and share experiences – can be helpful to people with bipolar disorder and their families.","Les groupes d’entraide – où l’on peut recevoir des encouragements, apprendre des techniques d’adaptation et partager des expériences – peuvent être utiles aux personnes atteintes d’un trouble bipolaire et à leur famille.",0.921,Bipolar disorder / Trouble bipolaire
"Recovery-oriented psychosocial interventions include supported employment, supported housing, peer support, and social and life skills training.","Parmi les interventions psychosociales axées sur la guérison figurent les aides à l’emploi et au logement, le soutien par les pairs et la formation aux compétences sociales et de la vie courante.",0.877,Bipolar disorder / Trouble bipolaire
"They serve to promote hope and to support the autonomy, personal empowerment and social inclusion of people with bipolar disorder.","Elles ont pour but de nourrir l’espoir et de favoriser l’autonomie, la responsabilisation et l’inclusion sociale des personnes atteintes d’un trouble bipolaire.",0.83,Bipolar disorder / Trouble bipolaire
Medicines and psychological or psychosocial interventions should be tailored to the needs of the person and combined for best outcomes.,"Pour donner les meilleurs résultats, les médicaments et les interventions psychologiques ou psychosociales doivent être adaptés aux besoins de la personne et être combinés.",0.858,Bipolar disorder / Trouble bipolaire
"The Comprehensive mental health action plan 2013-2030 highlights the steps needed to provide appropriate services for people with mental health conditions, including bipolar disorder.","Le Plan d’action global pour la santé mentale 2013-2020 présente les mesures nécessaires afin de mettre en œuvre des services adaptés pour les personnes qui ont des troubles mentaux, y compris celles qui présentent un trouble bipolaire.",0.881,Bipolar disorder / Trouble bipolaire
The WHO Special Initiative for Mental Health aims to further progress towards the plan’s objectives by ensuring 100 million more people can access quality and affordable care for mental health conditions.,"L’ Initiative spéciale de l’OMS pour la santé mentale vise à progresser plus avant dans la réalisation des objectifs du Plan, le but étant de garantir que 100 millions de personnes supplémentaires puissent avoir accès à des soins abordables et de qualité en matière de santé mentale.",0.9,Bipolar disorder / Trouble bipolaire
"WHO's Mental Health Gap Action Programme (mhGAP) , which is being implemented in more than 100 countries, provides evidence-based technical guidance, tools and training packages to build capacities and expand treatment coverage for a set of priority conditions, including bipolar disorder, in non-specialized settings in LMICs.","Le Programme d’action de l’OMS Combler les lacunes en santé mentale, qui est actuellement mis en œuvre dans plus de 100 pays, fournit des orientations techniques, des outils et des modules de formation fondés sur des données probantes afin de renforcer les capacités et d’étendre la couverture thérapeutique pour un ensemble de maladies prioritaires, y compris le trouble bipolaire, dans les milieux non spécialisés des pays à revenu faible ou intermédiaire.",0.849,Bipolar disorder / Trouble bipolaire
"WHO’s guidelines on Management of physical health conditions in adults with severe mental disorders provide evidence-based recommendations to practitioners on how to recognize and manage comorbid physical and mental health conditions, including bipolar disorder.","Les lignes directrices de l’OMS sur la prise en charge des troubles physiques chez les adultes atteints de troubles mentaux graves contiennent, à l’intention des praticiens et praticiennes, des recommandations fondées sur des données probantes concernant la façon de reconnaître et de prendre en charge les problèmes de santé physique et mentale coexistants, y compris le trouble bipolaire.",0.867,Bipolar disorder / Trouble bipolaire
"WHO’s QualityRights initiative aims to improve the quality of care and human rights standards in mental health and social care facilities and to empower organizations to advocate for the health of people with mental health conditions, including bipolar disorder.","L’ initiative QualityRights de l’OMS vise à améliorer la qualité des soins et le respect des droits humains dans les structures s’occupant de santé mentale et d’aide sociale, et à donner aux organisations les moyens d’agir pour défendre la santé des personnes atteintes de maladies mentales, y compris d’un trouble bipolaire.",0.873,Bipolar disorder / Trouble bipolaire
"The Guidance on community mental health services and person-centred and rights-based approaches describes what person-centred and human rights-based approaches look like in mental health, and give examples of good practice services. (1) 2021 Global Burden of Disease (GBD) [online database].",Les orientations de l’OMS sur les services de santé mentale communautaires et les approches centrées sur la personne et fondées sur les droits décrivent ce à quoi ressemblent les approches centrées sur la personne et fondées sur les droits humains en santé mentale et donnent des exemples de services qui appliquent de bonnes pratiques. (1) 2021 Global Burden of Disease (GBD) [base de données en ligne].,0.905,Bipolar disorder / Trouble bipolaire
"Seattle: Institute for Health Metrics and Evaluation; 2024 ( https://vizhub.healthdata.org/gbd-results/ , accessed 13 August 2025). (2) Chan JKN, Tong CHY, Wong CSM, Chen EYH, Chang WC.","Seattle: Institute for Health Metrics and Evaluation; 2024 ( https://vizhub.healthdata.org/gbd-results/ , consulté le 13 août 2025). (2) Chan JKN, Tong CHY, Wong CSM, Chen EYH, Chang WC.",0.995,Bipolar disorder / Trouble bipolaire
Life expectancy and years of potential life lost in bipolar disorder: systematic review and meta-analysis.,Life expectancy and years of potential life lost in bipolar disorder: systematic review and meta-analysis.,1.0,Bipolar disorder / Trouble bipolaire
Br J Psychiatry. 2022;221(3):567–76 ( https://doi.org/10.1192/bjp.2022.19 ).,Br J Psychiatry. 2022;221(3):567–76 (https://doi.org/10.1192/bjp.2022.19).,1.0,Bipolar disorder / Trouble bipolaire
"Dementia is a term for several diseases that affect memory, thinking, and the ability to perform daily activities.","Le terme « démence » couvre plusieurs maladies qui affectent la mémoire, la pensée et la capacité à réaliser des tâches quotidiennes.",0.87,Dementia / Demence
The illness gets worse over time.,La démence s’aggrave avec le temps.,0.818,Dementia / Demence
It mainly affects older people but not all people will get it as they age.,"Elle touche principalement les personnes âgées, mais toutes les personnes âgées ne sont pas concernées.",0.87,Dementia / Demence
"Things that increase the risk of developing dementia include: Dementia is a syndrome that can be caused by a number of diseases which over time destroy nerve cells and damage the brain, typically leading to deterioration in cognitive function (i.e. the ability to process thought) beyond what might be expected from the usual consequences of biological ageing.","Les facteurs qui augmentent le risque de démence sont notamment les suivants : Le syndrome de la démence peut être causé par un certain nombre de maladies qui, au fil du temps, détruisent les cellules nerveuses et endommagent le cerveau, entraînant généralement une détérioration de la fonction cognitive (c’est-à-dire la capacité à traiter la pensée) au-delà des conséquences habituelles attendues du vieillissement biologique.",0.924,Dementia / Demence
"While consciousness is not affected, the impairment in cognitive function is commonly accompanied, and occasionally preceded, by changes in mood, emotional control, behaviour, or motivation.","Bien que la conscience ne soit pas affectée, la déficience de la fonction cognitive est généralement accompagnée, et parfois précédée, de changements d’humeur, de régulation émotionnelle, de comportement ou de motivation.",0.902,Dementia / Demence
"Dementia has physical, psychological, social and economic impacts, not only for people living with dementia, but also for their carers, families and society at large.","La démence a des conséquences physiques, psychologiques, sociales et économiques, non seulement sur les personnes atteintes de démence, mais aussi sur les aidants, les familles et la société dans son ensemble.",0.921,Dementia / Demence
"There is often a lack of awareness and understanding of dementia, resulting in stigmatization and barriers to diagnosis and care.",Le fait que la démence est méconnue et mal comprise entraîne souvent une stigmatisation et entrave le diagnostic et les soins.,0.845,Dementia / Demence
Changes in mood and behaviour sometimes happen even before memory problems occur.,Les changements d’humeur et de comportement apparaissent parfois avant les problèmes de mémoire.,0.893,Dementia / Demence
Symptoms get worse over time.,Les symptômes s’aggravent avec le temps.,0.928,Dementia / Demence
"Common changes in mood and behaviour include: Dementia affects each person in a different way, depending upon the underlying causes, other health conditions and the person’s cognitive functioning before becoming ill.","Les premiers signes et symptômes de la démence sont les suivants : Les changements d’humeur ou de comportement les plus fréquents sont les suivants : La démence affecte chaque personne d’une manière différente, en fonction des causes sous-jacentes, des autres problèmes de santé et de la fonction cognitive qu’avait la personne avant de tomber malade.",0.841,Dementia / Demence
"Most symptoms become worse over time, while others might disappear or only occur in the later stages of dementia.","La plupart des symptômes s’aggravent avec le temps, tandis que d’autres peuvent disparaître ou ne se produire qu’aux derniers stades de la démence.",0.903,Dementia / Demence
"As the disease progresses, the need for help with personal care increases.","À mesure que la maladie progresse, le besoin d’aide pour l’hygiène personnelle augmente.",0.893,Dementia / Demence
"People with dementia may not be able to recognize family members or friends, develop difficulties moving around, lose control over their bladder and bowels, have trouble eating and drinking and experience behaviour changes such as aggression that are distressing to the person with dementia as well as those around them.","Les personnes atteintes de démence ne sont pas toujours en mesure de reconnaître les membres de leur famille ou leurs amis, ont du mal à se déplacer, présentent une incontinence urinaire ou fécale, ont du mal à manger et à boire et subissent des changements de comportement, tels que l’agressivité, qui sont pénibles à vivre à la fois pour le malade et son entourage.",0.893,Dementia / Demence
Dementia is caused by many different diseases or injuries that directly and indirectly damage the brain.,La démence est causée par diverses maladies ou lésions qui endommagent directement et indirectement le cerveau.,0.871,Dementia / Demence
Alzheimer disease is the most common form and may contribute to 60–70% of cases.,La maladie d’Alzheimer est la forme la plus fréquente et serait à l’origine de 60 à 70 % des cas.,0.914,Dementia / Demence
"Other forms include vascular dementia, dementia with Lewy bodies (abnormal deposits of protein inside nerve cells), and a group of diseases that contribute to frontotemporal dementia (degeneration of the frontal lobe of the brain).","Les autres formes répandues sont notamment la démence vasculaire, la démence à corps de Lewy (dépôts anormaux de protéines à l’intérieur des cellules nerveuses) et plusieurs autres maladies qui aboutissent à une démence fronto-temporale (dégénérescence du lobe frontal du cerveau).",0.894,Dementia / Demence
"Dementia may also develop after a stroke or in the context of certain infections such as HIV, as a result of harmful use of alcohol, repetitive physical injuries to the brain (known as chronic traumatic encephalopathy) or nutritional deficiencies.","La démence peut également se développer après un accident vasculaire cérébral ou dans le contexte de certaines infections telles que le VIH, à la suite d’un usage nocif de l’alcool, de lésions corporelles répétitives au cerveau (appelées encéphalopathie traumatique chronique) ou de carences nutritionnelles.",0.892,Dementia / Demence
The boundaries between different forms of dementia are indistinct and mixed forms often co-exist.,Les frontières entre les différentes formes de démence ne sont pas nettes et les formes mixtes sont fréquentes.,0.885,Dementia / Demence
"There is no cure for dementia, but a lot can be done to support both people living with the illness and those who care for them.","Il n’y a pas de remède contre la démence, mais on peut agir pour aider à la fois les personnes qui vivent avec la maladie et celles qui les soignent.",0.827,Dementia / Demence
"People with dementia can take steps to maintain their quality of life and promote their well-being by: In addition, some medications can help manage dementia symptoms: If people living with dementia are at risk of hurting themselves or others, medicines like haloperidol and risperidone can help, but these should never be used as the first treatment For those diagnosed with dementia, there are things that can help manage symptoms: Plan ahead of time.","Les malades peuvent maintenir leur qualité de vie et améliorer leur bien-être en : Certains médicaments peuvent aider à gérer les symptômes : Si le malade risque de se blesser ou de blesser autrui, des médicaments comme l’halopéridol et la rispéridone peuvent aider, mais il ne faut jamais les utiliser en premier recours.",0.834,Dementia / Demence
"Over time, it may be harder to make important decisions for yourself or your finances: It is important to recognize that providing care and support for a person living with dementia can be challenging, impacting the carer’s own health and well-being.","Au fil du temps, vous aurez peut-être plus de mal à prendre des décisions importantes pour vous-même ou vos finances : Il est important de reconnaître qu’il peut être difficile d’apporter des soins et un soutien à une personne atteinte de démence, et que cela a des incidences sur la santé et le bien-être de l’aidant.",0.916,Dementia / Demence
"As someone supporting a person living with dementia, reach out to family members, friends, and professionals for help.","Si vous apportez du soutien à une personne atteinte de démence, demandez de l’aide aux membres de votre famille, à vos amis et à des professionnels.",0.833,Dementia / Demence
Take regular breaks and look after yourself.,Faites des pauses régulièrement et prenez soin de vous.,0.896,Dementia / Demence
Try stress management techniques such as mindfulness-based exercises and seek professional help and guidance if needed.,"Suivez des techniques de gestion du stress, comme des exercices de pleine conscience, et demandez de l’aide et des conseils professionnels en cas de besoin.",0.893,Dementia / Demence
"Although age is the strongest known risk factor for dementia, it is not an inevitable consequence of biological ageing.","Bien que l’âge soit le plus grand facteur de risque connu de démence, la démence n’est pas une conséquence inéluctable du vieillissement biologique.",0.898,Dementia / Demence
"Further, dementia does not exclusively affect older people – young onset dementia (defined as the onset of symptoms before the age of 65 years) accounts for up to 9% of cases.","Du reste, elle ne touche pas exclusivement les personnes âgées : la démence d’apparition précoce (définie comme l’apparition des symptômes avant l’âge de 65 ans) représente jusqu’à 9 % des cas.",0.923,Dementia / Demence
"Studies show that people can reduce their risk of cognitive decline and dementia by being physically active , not smoking, avoiding harmful use of alcohol , controlling their weight, eating a healthy diet, and maintaining healthy blood pressure, cholesterol and blood sugar levels.","Des études montrent qu’on peut réduire le risque de déclin cognitif et de démence en ayant une activité physique , en ne fumant pas, en évitant l’ usage nocif de l’alcool , en contrôlant son poids, en consommant des aliments sains et en maintenant une tension artérielle, une glycémie et un taux de cholestérol adéquats.",0.893,Dementia / Demence
"Additional risk factors include depression, social isolation, low educational attainment, cognitive inactivity and air pollution .","Les autres facteurs de risque comprennent la dépression, l’isolement social, le faible niveau de scolarité, l’inactivité cognitive et la pollution de l’air .",0.923,Dementia / Demence
"Unfortunately, people living with dementia are frequently denied the basic rights and freedoms available to others.","Malheureusement, les personnes atteintes de démence sont souvent privées des droits et libertés élémentaires dont jouissent les autres.",0.858,Dementia / Demence
"In many countries, physical and chemical restraints are used extensively in care homes for older people and in acute-care settings, even when regulations are in place to uphold the rights of people to freedom and choice.","Dans de nombreux pays, les moyens de contention physiques et chimiques sont largement utilisés dans les structures d’accueil pour personnes âgées et dans les établissements de soins aigus, même lorsque des réglementations sont en place pour défendre les droits des personnes à la liberté et au choix.",0.881,Dementia / Demence
An appropriate and supportive legislative environment based on internationally-accepted human rights standards is required to ensure the highest quality of care for people with dementia and their carers.,"Une législation appropriée et favorable, fondée sur des normes internationalement reconnues en matière de droits humains, est nécessaire pour garantir la plus haute qualité de soins aux personnes atteintes de démence et à leurs aidants.",0.882,Dementia / Demence
WHO recognizes dementia as a public health priority.,L’OMS reconnaît la démence comme une priorité de santé publique.,0.884,Dementia / Demence
"In May 2017, the World Health Assembly endorsed the Global action plan on the public health response to dementia 2017-2025 .","En mai 2017, l’Assemblée mondiale de la Santé a approuvé le Plan mondial d’action de santé publique contre la démence 2017-2025 (en anglais).",0.925,Dementia / Demence
"The Plan provides a comprehensive blueprint for action – for policy-makers, international, regional and national partners, and WHO in the following areas: addressing dementia as a public health priority; increasing awareness of dementia and creating a dementia-inclusive society; reducing the risk of dementia; diagnosis, treatment and care; information systems for dementia; support for dementia carers; and, research and innovation To facilitate the monitoring of the global dementia action plan, WHO developed the Global Dementia Observatory (GDO), a data portal that collates country data on 35 key dementia indicators across the global action plan’s seven strategic areas.","Ce document est un plan d’action détaillé – pour les décideurs, les partenaires internationaux, régionaux et nationaux, et l’OMS – dans les domaines suivants : faire de la démence une priorité de santé publique ; accroître la sensibilisation à la démence et créer une société qui inclue les personnes atteintes de démence ; réduire les risques associés à la démence ; assurer diagnostic, traitement et soins ; établir des systèmes d’information sur la démence ; apporter un soutien aux aidants ; et favoriser la recherche et l’innovation.",0.78,Dementia / Demence
"As a complement to the GDO, WHO launched the GDO Knowledge Exchange Platform , which is a repository of good practices examples in the area of dementia with the goal of fostering mutual learning and multi-directional exchange between regions, countries and individuals to facilitate action globally.","En complément, l’OMS a lancé la Plateforme d’échange de connaissances , qui est un répertoire de bonnes pratiques dans le domaine de la démence et qui vise à favoriser l’apprentissage mutuel et les échanges multidirectionnels entre les régions, les pays et les individus pour faciliter l’action à l’échelle mondiale.",0.813,Dementia / Demence
These feelings are typically accompanied by physical tension and other behavioural and cognitive symptoms.,Ces sentiments s’accompagnent fréquemment d’une tension physique et d’autres symptômes comportementaux et cognitifs.,0.918,Anxiety disorders / Troubles anxieux
"They are difficult to control, cause significant distress and can last a long time if untreated.","Ils sont difficiles à maîtriser, entraînent une détresse importante et peuvent durer longtemps en l’absence de traitement.",0.912,Anxiety disorders / Troubles anxieux
"Anxiety disorders interfere with daily activities and can impair a person’s family, social and school or working life.","Les troubles anxieux perturbent les activités courantes et peuvent entraver la vie quotidienne sur le plan familial, social, scolaire ou professionnel.",0.867,Anxiety disorders / Troubles anxieux
An estimated 4.4% of the global population currently experience an anxiety disorder (1) .,"D’après les estimations, les troubles anxieux touchent actuellement 4,4 % de la population mondiale (1) .",0.859,Anxiety disorders / Troubles anxieux
"In 2021, 359 million people in the world had an anxiety disorder, making anxiety disorders the most common of all mental disorders (1) .","En 2021, 359 millions de personnes dans le monde en étaient atteintes, ce qui en fait la catégorie de troubles mentaux la plus répandue (1) .",0.907,Anxiety disorders / Troubles anxieux
"Although highly effective treatments for anxiety disorders exist, only about 1 in 4 people in need (27.6%) receive any treatment (2) .","Alors qu’il existe des traitements très efficaces contre ces troubles, seule une personne sur quatre qui en auraient besoin (27,6 %) en bénéficie actuellement (2).",0.884,Anxiety disorders / Troubles anxieux
"Barriers to care include lack of awareness that this is a treatable health condition, lack of investment in mental health services, lack of trained health-care providers, and social stigma.","Plusieurs facteurs font obstacle aux soins, notamment le manque d’informations sur le caractère traitable de ces troubles, l’insuffisance des investissements dans les services de santé mentale, la pénurie de soignantes et de soignants qualifiés et la stigmatisation sociale.",0.787,Anxiety disorders / Troubles anxieux
"People with an anxiety disorder may experience excessive fear or worry about a specific situation (for example, a panic attack or social situation) or, in the case of generalized anxiety disorder, about a broad range of everyday situations.","Les personnes présentant un trouble anxieux peuvent ressentir de la peur ou des inquiétudes excessives par rapport à une situation donnée (par exemple, une attaque de panique ou une situation sociale) ou, dans le cas du trouble anxieux généralisé, par rapport à un large éventail de situations du quotidien.",0.928,Anxiety disorders / Troubles anxieux
They typically experience these symptoms over an extended period – at least several months.,"Généralement, elles présentent ces symptômes pendant une longue période (plusieurs mois au moins) et cherchent à éviter les situations qui suscitent leur anxiété.",0.739,Anxiety disorders / Troubles anxieux
Other symptoms of anxiety disorders may include: Anxiety disorders increase the risk for depression and substance use disorders as well as the risk of suicidal thoughts and behaviours.,"Les troubles anxieux peuvent également entraîner d’autres symptômes, tels que : Les troubles anxieux majorent le risque de dépression et de troubles liés à l’usage de substances psychoactives, ainsi que le risque de pensées et de comportements suicidaires.",0.891,Anxiety disorders / Troubles anxieux
"There are several different kinds of anxiety disorders, including: People may experience more than one anxiety disorder at the same time.","Il existe plusieurs types de troubles anxieux, tels que : Une même personne peut connaître simultanément plusieurs troubles anxieux.",0.878,Anxiety disorders / Troubles anxieux
Symptoms often begin during childhood or adolescence and continue into adulthood.,"Souvent, les symptômes débutent pendant l’enfance et l’adolescence et persistent à l’âge adulte.",0.888,Anxiety disorders / Troubles anxieux
Girls and women are more likely to experience an anxiety disorder than boys and men.,Les femmes et les filles sont plus sujettes à ces troubles que les hommes et les garçons.,0.84,Anxiety disorders / Troubles anxieux
"Anxiety disorders, like other mental health conditions, result from a complex interaction of social, psychological and biological factors.","Les troubles anxieux, comme les autres problèmes de santé mentale, découlent d’interactions complexes entre des facteurs sociaux, psychologiques et biologiques.",0.906,Anxiety disorders / Troubles anxieux
"Anyone can have an anxiety disorder, but people who have lived through abuse, severe losses or other adverse experiences are more likely to develop one.","Tout le monde peut présenter un trouble anxieux, mais les personnes qui ont vécu des abus, connu de graves pertes ou traversé d’autres difficultés sont plus exposées à ce risque.",0.877,Anxiety disorders / Troubles anxieux
Anxiety disorders are closely related to and affected by physical health.,"Les troubles anxieux sont étroitement liés à la santé physique, qui a elle-même une influence sur eux.",0.838,Anxiety disorders / Troubles anxieux
"Many of the impacts of anxiety (such as physical tension, nervous system hyperactivity or harmful use of alcohol) are also known risk factors for diseases such as cardiovascular disease.","De nombreuses conséquences de l’anxiété (par exemple, tensions physiques, hyperactivité du système nerveux ou usage nocif de l’alcool) sont également des facteurs de risque d’autres maladies, notamment cardiovasculaires.",0.889,Anxiety disorders / Troubles anxieux
"In turn, people with these diseases may also find themselves experiencing anxiety disorders due to the difficulties associated with managing their conditions.","D’autre part, les personnes qui ont ces maladies présentent souvent des troubles anxieux qui découlent des difficultés rencontrées dans la prise en charge.",0.814,Anxiety disorders / Troubles anxieux
Effective community-based approaches to prevent anxiety include parental education and school-based programmes to enhance social and emotional learning and build positive coping in children and adolescents.,"Des approches communautaires efficaces permettent de prévenir l’anxiété, notamment l’éducation parentale et des programmes scolaires visant à améliorer les compétences socioémotionnelles et à renforcer la capacité des enfants et des adolescents à faire face et à s’adapter de façon positive.",0.845,Anxiety disorders / Troubles anxieux
Exercise programmes can also be effective in preventing anxiety disorders in adults.,Des programmes fondés sur la pratique d’exercice physique peuvent aussi s’avérer efficaces pour prévenir les troubles anxieux chez l’adulte.,0.897,Anxiety disorders / Troubles anxieux
There are several effective treatments for anxiety disorders.,Il existe plusieurs traitements efficaces contre les troubles anxieux.,0.915,Anxiety disorders / Troubles anxieux
People with symptoms of anxiety should seek care.,Les personnes qui ont des symptômes d’anxiété doivent consulter.,0.842,Anxiety disorders / Troubles anxieux
"These interventions can help people learn new ways of thinking, coping or relating to their anxiety, to others or to the world.","Grâce à ces psychothérapies, les personnes apprennent à réfléchir autrement et à s’adapter, mais aussi à appréhender leur anxiété et leur rapport aux autres et au monde.",0.739,Anxiety disorders / Troubles anxieux
"They can teach people how to face the situations, events, people or places that trigger their anxiety.","Elles apprennent à faire face aux situations, aux événements, aux personnes ou aux lieux qui déclenchent leur anxiété.",0.887,Anxiety disorders / Troubles anxieux
"Psychological interventions can be provided to individuals or groups, in person or online.","Des psychothérapies peuvent être organisées pour une personne ou un groupe, en présentiel ou en ligne.",0.894,Anxiety disorders / Troubles anxieux
"They may also be accessed through self-help manuals, websites and apps.","Elles peuvent aussi être menées par la personne elle-même, au moyen de manuels, de sites Web ou d’applications – on parle alors d’auto-prise en charge.",0.759,Anxiety disorders / Troubles anxieux
The psychological interventions with the most evidence for treating a range of anxiety disorders are those based on principles of cognitive-behavioural therapy.,Celles qui se fondent sur les thérapies comportementales et cognitives (TCC) sont les plus solidement étayées pour le traitement d’un large éventail de troubles anxieux.,0.745,Anxiety disorders / Troubles anxieux
"These include exposure therapy, during which people learn to face their fears.","La thérapie par exposition, qui consiste à aider les gens à affronter leurs peurs, appartient à cette catégorie.",0.736,Anxiety disorders / Troubles anxieux
"In addition, learning stress management skills, such as relaxation skills and mindfulness skills, can help reduce symptoms of anxiety disorders.","En outre, l’apprentissage de la gestion du stress, par exemple les techniques de relaxation et de pleine conscience, peut contribuer à réduire les symptômes des troubles anxieux.",0.887,Anxiety disorders / Troubles anxieux
"Antidepressant medications, such as selective serotonin reuptake inhibitors (SSRIs), can also be useful in treating adults with anxiety disorders.","Les antidépresseurs, tels que les inhibiteurs sélectifs de la recapture de la sérotonine (ISRS), peuvent également être utiles dans le traitement des adultes présentant des troubles anxieux.",0.909,Anxiety disorders / Troubles anxieux
"Health-care providers should keep in mind the possible adverse effects associated with antidepressant medication, the ability to deliver either intervention (in terms of expertise, and/or treatment availability), and individual preferences.","Les soignantes et les soignants doivent tenir dûment compte des effets indésirables éventuels de ces médicaments, des moyens disponibles pour l’une ou l’autre de ces catégories d’interventions (compétences et/ou traitements disponibles), et des préférences personnelles.",0.837,Anxiety disorders / Troubles anxieux
"Benzodiazepines, which have historically been prescribed for anxiety disorders, are generally not recommended for anxiety disorders because of their high potential for dependence as well as their limited long-term effectiveness.","Les benzodiazépines, longtemps prescrites dans cette indication, ne sont généralement pas recommandées pour la prise en charge des troubles anxieux car elles comportent un risque élevé de dépendance et ont une efficacité limitée à long terme.",0.846,Anxiety disorders / Troubles anxieux
Self-care can play an important role in supporting treatment.,L’auto-prise en charge joue un rôle important à l’appui du traitement.,0.879,Anxiety disorders / Troubles anxieux
"To help manage your symptoms of anxiety and promote your overall well-being, you can: WHO’s Comprehensive mental health action plan 2013–2030 highlights the steps required to provide appropriate interventions for people with mental health conditions, including anxiety disorders.","Ainsi, pour maîtriser ses symptômes d’anxiété et améliorer son bien-être, il est recommandé : Le Plan d’action global pour la santé mentale 2013-2030 de l’OMS présente les mesures nécessaires pour mettre en œuvre des interventions adaptées pour les personnes qui ont des troubles de santé mentale, y compris celles qui présentent des troubles anxieux.",0.877,Anxiety disorders / Troubles anxieux
Generalized anxiety disorder and panic disorder are included in the priority conditions covered by WHO’s mhGAP Programme .,Le trouble d’anxiété généralisée et le trouble panique figurent parmi les problèmes de santé mentale prioritaires couverts par le Programme d’action Combler les lacunes en santé mentale ( mhGAP ).,0.794,Anxiety disorders / Troubles anxieux
"This programme aims to help countries increase services for people with mental, neurological and substance use disorders through care provided by health workers who are not specialists in mental health.","Ce programme a pour but d’aider les pays à élargir les services destinés aux personnes atteintes de troubles mentaux, neurologiques ou liés à l’utilisation de substances psychoactives, moyennant des soins dispensés par des soignants qui ne sont pas spécialisés en santé mentale.",0.886,Anxiety disorders / Troubles anxieux
WHO has developed brief psychological intervention manuals that may be delivered by lay therapists to individuals and groups.,L’OMS a élaboré de courts manuels qui présentent des interventions psychologiques qui peuvent être dispensées par des thérapeutes non professionnels aux individus et aux groupes.,0.875,Anxiety disorders / Troubles anxieux
"These interventions have been shown to be effective for multiple mental health problems, including anxiety and depression.","Ces interventions ont démontré leur efficacité pour de nombreux problèmes de santé mentale, dont l’anxiété et la dépression.",0.874,Anxiety disorders / Troubles anxieux
"An example is the Problem Management Plus (PM+) manual , which is based on principles of cognitive behavioural therapy and uses techniques like stress management, problem solving treatment and strengthening social support.","Le manuel Gestion des problèmes Plus (PM+) , par exemple, se fonde sur les principes de la TCC et utilise des techniques telles que la gestion du stress, la thérapie par la résolution des problèmes et le renforcement du soutien social.",0.886,Anxiety disorders / Troubles anxieux
"Additionally, the Self-Help Plus (SH+) group-based stress management course and WHO’s popular Doing What Matters in Times of Stress self-help book describe skills that can be used to reduce anxiety and stress. (1) 2021 Global Burden of Disease (GBD) [online database].","En outre, le cours Self-Help Plus (SH+) de gestion du stress en groupe, et l’ouvrage d’auto-prise en charge Faire ce qui compte en période de stress , très apprécié, présentent des compétences utiles pour réduire l’anxiété et le stress. (1) 2021 Global Burden of Disease (GBD) [base de données en ligne].",0.915,Anxiety disorders / Troubles anxieux
"Seattle: Institute for Health Metrics and Evaluation; 2024 ( https://vizhub.healthdata.org/gbd-results/ , accessed 13 August 2025). (2) Alonso J, Liu Z, Evans-Lacko S, et al.","Seattle: Institute for Health Metrics and Evaluation; 2024 ( https://vizhub.healthdata.org/gbd-results/ , consulté le 13 août 2025). (2) Alonso J, Liu Z, Evans-Lacko S, et al.",0.996,Anxiety disorders / Troubles anxieux
Treatment gap for anxiety disorders is global: results of the World Mental Health Surveys in 21 countries.,Treatment gap for anxiety disorders is global: results of the World Mental Health Surveys in 21 countries.,1.0,Anxiety disorders / Troubles anxieux
Depress Anxiety. 2018;35(3):195–208. doi:10.1002/da.22711.,Depress Anxiety. 2018; 35(3):195–208. doi:10.1002/da.22711.,1.0,Anxiety disorders / Troubles anxieux
